จังหวัด,age,2562,
กรุงเทพมหานคร,รวม,"5,666,264",
กรุงเทพมหานคร,0-4,"216,958",
กรุงเทพมหานคร,5-9,"267,866",
กรุงเทพมหานคร,10-14,"294,502",
กรุงเทพมหานคร,15-19,"316,987",
กรุงเทพมหานคร,20-24,"379,670",
กรุงเทพมหานคร,25-29,"382,654",
กรุงเทพมหานคร,30-34,"373,571",
กรุงเทพมหานคร,35-39,"433,921",
กรุงเทพมหานคร,40-44,"451,199",
กรุงเทพมหานคร,45-49,"440,455",
กรุงเทพมหานคร,50-54,"435,180",
กรุงเทพมหานคร,55-59,"410,136",
กรุงเทพมหานคร,60-64,"336,564",
กรุงเทพมหานคร,65-69,"268,155",
กรุงเทพมหานคร,70-74,"180,847",
กรุงเทพมหานคร,75-79,"118,988",
กรุงเทพมหานคร,80-84,"86,302",
กรุงเทพมหานคร,85-89,"46,072",
กรุงเทพมหานคร,90-94,"18,631",
กรุงเทพมหานคร,95-99,"5,914",
กรุงเทพมหานคร,100 และมากกว่า,"2,398",
กรุงเทพมหานคร,ไม่ทราบ/ระบุปีจันทรคติ,1,
กรุงเทพมหานคร,ประชากรในทะเบียนบ้านกลาง,"120,394",
กรุงเทพมหานคร,ประชากรที่มิใช่สัญชาติไทย,"47,522",
กรุงเทพมหานคร,ประชากรอยู่ระหว่างการย้าย,"31,377",
ภาคกลาง,รวม,"17,265,094",
ภาคกลาง,0-4,"823,462",
ภาคกลาง,5-9,"974,438",
ภาคกลาง,10-14,"1,010,852",
ภาคกลาง,15-19,"1,009,639",
ภาคกลาง,20-24,"1,194,304",
ภาคกลาง,25-29,"1,203,666",
ภาคกลาง,30-34,"1,178,827",
ภาคกลาง,35-39,"1,331,137",
ภาคกลาง,40-44,"1,374,455",
ภาคกลาง,45-49,"1,344,660",
ภาคกลาง,50-54,"1,324,310",
ภาคกลาง,55-59,"1,186,295",
ภาคกลาง,60-64,"899,578",
ภาคกลาง,65-69,"712,674",
ภาคกลาง,70-74,"484,012",
ภาคกลาง,75-79,"325,984",
ภาคกลาง,80-84,"242,877",
ภาคกลาง,85-89,"129,685",
ภาคกลาง,90-94,"53,843",
ภาคกลาง,95-99,"16,083",
ภาคกลาง,100 และมากกว่า,"5,712",
ภาคกลาง,ไม่ทราบ/ระบุปีจันทรคติ,14,
ภาคกลาง,ประชากรในทะเบียนบ้านกลาง,"212,788",
ภาคกลาง,ประชากรที่มิใช่สัญชาติไทย,"176,101",
ภาคกลาง,ประชากรอยู่ระหว่างการย้าย,"49,698",
สมุทรปราการ,รวม,"1,344,875",
สมุทรปราการ,0-4,"65,296",
สมุทรปราการ,5-9,"76,333",
สมุทรปราการ,10-14,"77,097",
สมุทรปราการ,15-19,"78,659",
สมุทรปราการ,20-24,"89,568",
สมุทรปราการ,25-29,"94,750",
สมุทรปราการ,30-34,"93,326",
สมุทรปราการ,35-39,"112,996",
สมุทรปราการ,40-44,"115,263",
สมุทรปราการ,45-49,"110,785",
สมุทรปราการ,50-54,"106,589",
สมุทรปราการ,55-59,"92,113",
สมุทรปราการ,60-64,"68,264",
สมุทรปราการ,65-69,"52,857",
สมุทรปราการ,70-74,"33,493",
สมุทรปราการ,75-79,"21,398",
สมุทรปราการ,80-84,"14,739",
สมุทรปราการ,85-89,"7,328",
สมุทรปราการ,90-94,"3,079",
สมุทรปราการ,95-99,"1,011",
สมุทรปราการ,100 และมากกว่า,466,
สมุทรปราการ,ไม่ทราบ/ระบุปีจันทรคติ,1,
สมุทรปราการ,ประชากรในทะเบียนบ้านกลาง,"16,987",
สมุทรปราการ,ประชากรที่มิใช่สัญชาติไทย,"4,571",
สมุทรปราการ,ประชากรอยู่ระหว่างการย้าย,"7,906",
นนทบุรี,รวม,"1,265,387",
นนทบุรี,0-4,"54,057",
นนทบุรี,5-9,"63,913",
นนทบุรี,10-14,"66,300",
นนทบุรี,15-19,"67,621",
นนทบุรี,20-24,"78,356",
นนทบุรี,25-29,"84,776",
นนทบุรี,30-34,"86,164",
นนทบุรี,35-39,"103,521",
นนทบุรี,40-44,"106,387",
นนทบุรี,45-49,"103,466",
นนทบุรี,50-54,"102,982",
นนทบุรี,55-59,"95,207",
นนทบุรี,60-64,"76,006",
นนทบุรี,65-69,"56,636",
นนทบุรี,70-74,"37,597",
นนทบุรี,75-79,"24,874",
นนทบุรี,80-84,"18,714",
นนทบุรี,85-89,"10,293",
นนทบุรี,90-94,"4,768",
นนทบุรี,95-99,"1,891",
นนทบุรี,100 และมากกว่า,640,
นนทบุรี,ไม่ทราบ/ระบุปีจันทรคติ,2,
นนทบุรี,ประชากรในทะเบียนบ้านกลาง,"13,582",
นนทบุรี,ประชากรที่มิใช่สัญชาติไทย,"4,738",
นนทบุรี,ประชากรอยู่ระหว่างการย้าย,"2,896",
ปทุมธานี,รวม,"1,163,604",
ปทุมธานี,0-4,"56,963",
ปทุมธานี,5-9,"66,958",
ปทุมธานี,10-14,"69,494",
ปทุมธานี,15-19,"70,494",
ปทุมธานี,20-24,"81,916",
ปทุมธานี,25-29,"80,321",
ปทุมธานี,30-34,"79,473",
ปทุมธานี,35-39,"96,446",
ปทุมธานี,40-44,"102,867",
ปทุมธานี,45-49,"100,899",
ปทุมธานี,50-54,"95,648",
ปทุมธานี,55-59,"78,572",
ปทุมธานี,60-64,"56,793",
ปทุมธานี,65-69,"42,873",
ปทุมธานี,70-74,"27,346",
ปทุมธานี,75-79,"17,170",
ปทุมธานี,80-84,"11,655",
ปทุมธานี,85-89,"5,544",
ปทุมธานี,90-94,"2,118",
ปทุมธานี,95-99,613,
ปทุมธานี,100 และมากกว่า,246,
ปทุมธานี,ไม่ทราบ/ระบุปีจันทรคติ,1,
ปทุมธานี,ประชากรในทะเบียนบ้านกลาง,"12,202",
ปทุมธานี,ประชากรที่มิใช่สัญชาติไทย,"3,985",
ปทุมธานี,ประชากรอยู่ระหว่างการย้าย,"3,007",
พระนครศรีอยุธยา,รวม,"820,188",
พระนครศรีอยุธยา,0-4,"38,048",
พระนครศรีอยุธยา,5-9,"45,086",
พระนครศรีอยุธยา,10-14,"47,467",
พระนครศรีอยุธยา,15-19,"47,205",
พระนครศรีอยุธยา,20-24,"53,483",
พระนครศรีอยุธยา,25-29,"56,117",
พระนครศรีอยุธยา,30-34,"55,459",
พระนครศรีอยุธยา,35-39,"64,173",
พระนครศรีอยุธยา,40-44,"66,822",
พระนครศรีอยุธยา,45-49,"64,258",
พระนครศรีอยุธยา,50-54,"65,794",
พระนครศรีอยุธยา,55-59,"59,148",
พระนครศรีอยุธยา,60-64,"43,897",
พระนครศรีอยุธยา,65-69,"36,639",
พระนครศรีอยุธยา,70-74,"24,636",
พระนครศรีอยุธยา,75-79,"17,534",
พระนครศรีอยุธยา,80-84,"13,785",
พระนครศรีอยุธยา,85-89,"7,580",
พระนครศรีอยุธยา,90-94,"3,193",
พระนครศรีอยุธยา,95-99,890,
พระนครศรีอยุธยา,100 และมากกว่า,288,
พระนครศรีอยุธยา,ไม่ทราบ/ระบุปีจันทรคติ,0,
พระนครศรีอยุธยา,ประชากรในทะเบียนบ้านกลาง,"5,675",
พระนครศรีอยุธยา,ประชากรที่มิใช่สัญชาติไทย,"1,501",
พระนครศรีอยุธยา,ประชากรอยู่ระหว่างการย้าย,"1,510",
อ่างทอง,รวม,"279,654",
อ่างทอง,0-4,"11,211",
อ่างทอง,5-9,"14,253",
อ่างทอง,10-14,"15,311",
อ่างทอง,15-19,"15,831",
อ่างทอง,20-24,"17,518",
อ่างทอง,25-29,"18,981",
อ่างทอง,30-34,"17,970",
อ่างทอง,35-39,"19,662",
อ่างทอง,40-44,"20,758",
อ่างทอง,45-49,"20,225",
อ่างทอง,50-54,"22,655",
อ่างทอง,55-59,"22,248",
อ่างทอง,60-64,"17,365",
อ่างทอง,65-69,"14,782",
อ่างทอง,70-74,"10,278",
อ่างทอง,75-79,"7,068",
อ่างทอง,80-84,"5,930",
อ่างทอง,85-89,"3,088",
อ่างทอง,90-94,"1,179",
อ่างทอง,95-99,298,
อ่างทอง,100 และมากกว่า,58,
อ่างทอง,ไม่ทราบ/ระบุปีจันทรคติ,0,
อ่างทอง,ประชากรในทะเบียนบ้านกลาง,"2,435",
อ่างทอง,ประชากรที่มิใช่สัญชาติไทย,319,
อ่างทอง,ประชากรอยู่ระหว่างการย้าย,231,
ลพบุรี,รวม,"755,556",
ลพบุรี,0-4,"32,283",
ลพบุรี,5-9,"38,729",
ลพบุรี,10-14,"41,705",
ลพบุรี,15-19,"42,953",
ลพบุรี,20-24,"62,016",
ลพบุรี,25-29,"52,086",
ลพบุรี,30-34,"49,561",
ลพบุรี,35-39,"52,061",
ลพบุรี,40-44,"54,517",
ลพบุรี,45-49,"55,652",
ลพบุรี,50-54,"60,004",
ลพบุรี,55-59,"56,533",
ลพบุรี,60-64,"43,708",
ลพบุรี,65-69,"34,331",
ลพบุรี,70-74,"24,045",
ลพบุรี,75-79,"16,552",
ลพบุรี,80-84,"12,032",
ลพบุรี,85-89,"6,636",
ลพบุรี,90-94,"2,421",
ลพบุรี,95-99,718,
ลพบุรี,100 และมากกว่า,242,
ลพบุรี,ไม่ทราบ/ระบุปีจันทรคติ,0,
ลพบุรี,ประชากรในทะเบียนบ้านกลาง,"13,012",
ลพบุรี,ประชากรที่มิใช่สัญชาติไทย,808,
ลพบุรี,ประชากรอยู่ระหว่างการย้าย,"2,951",
สิงห์บุรี,รวม,"208,446",
สิงห์บุรี,0-4,"8,099",
สิงห์บุรี,5-9,"10,147",
สิงห์บุรี,10-14,"11,101",
สิงห์บุรี,15-19,"11,057",
สิงห์บุรี,20-24,"12,574",
สิงห์บุรี,25-29,"13,592",
สิงห์บุรี,30-34,"13,323",
สิงห์บุรี,35-39,"14,579",
สิงห์บุรี,40-44,"14,959",
สิงห์บุรี,45-49,"14,573",
สิงห์บุรี,50-54,"16,463",
สิงห์บุรี,55-59,"17,416",
สิงห์บุรี,60-64,"13,601",
สิงห์บุรี,65-69,"11,895",
สิงห์บุรี,70-74,"8,746",
สิงห์บุรี,75-79,"5,691",
สิงห์บุรี,80-84,"4,684",
สิงห์บุรี,85-89,"2,404",
สิงห์บุรี,90-94,897,
สิงห์บุรี,95-99,193,
สิงห์บุรี,100 และมากกว่า,24,
สิงห์บุรี,ไม่ทราบ/ระบุปีจันทรคติ,0,
สิงห์บุรี,ประชากรในทะเบียนบ้านกลาง,"1,968",
สิงห์บุรี,ประชากรที่มิใช่สัญชาติไทย,253,
สิงห์บุรี,ประชากรอยู่ระหว่างการย้าย,207,
ชัยนาท,รวม,"326,611",
ชัยนาท,0-4,"13,079",
ชัยนาท,5-9,"16,498",
ชัยนาท,10-14,"17,731",
ชัยนาท,15-19,"17,323",
ชัยนาท,20-24,"20,029",
ชัยนาท,25-29,"21,921",
ชัยนาท,30-34,"20,189",
ชัยนาท,35-39,"22,166",
ชัยนาท,40-44,"23,975",
ชัยนาท,45-49,"24,483",
ชัยนาท,50-54,"26,723",
ชัยนาท,55-59,"26,225",
ชัยนาท,60-64,"21,079",
ชัยนาท,65-69,"18,145",
ชัยนาท,70-74,"12,794",
ชัยนาท,75-79,"8,795",
ชัยนาท,80-84,"6,717",
ชัยนาท,85-89,"3,463",
ชัยนาท,90-94,"1,280",
ชัยนาท,95-99,302,
ชัยนาท,100 และมากกว่า,53,
ชัยนาท,ไม่ทราบ/ระบุปีจันทรคติ,0,
ชัยนาท,ประชากรในทะเบียนบ้านกลาง,"3,189",
ชัยนาท,ประชากรที่มิใช่สัญชาติไทย,250,
ชัยนาท,ประชากรอยู่ระหว่างการย้าย,202,
สระบุรี,รวม,"645,911",
สระบุรี,0-4,"31,380",
สระบุรี,5-9,"36,864",
สระบุรี,10-14,"38,488",
สระบุรี,15-19,"39,035",
สระบุรี,20-24,"48,437",
สระบุรี,25-29,"46,317",
สระบุรี,30-34,"42,716",
สระบุรี,35-39,"46,513",
สระบุรี,40-44,"48,771",
สระบุรี,45-49,"50,815",
สระบุรี,50-54,"50,588",
สระบุรี,55-59,"46,065",
สระบุรี,60-64,"34,875",
สระบุรี,65-69,"26,286",
สระบุรี,70-74,"17,683",
สระบุรี,75-79,"12,173",
สระบุรี,80-84,"8,862",
สระบุรี,85-89,"4,780",
สระบุรี,90-94,"1,876",
สระบุรี,95-99,511,
สระบุรี,100 และมากกว่า,198,
สระบุรี,ไม่ทราบ/ระบุปีจันทรคติ,0,
สระบุรี,ประชากรในทะเบียนบ้านกลาง,"4,572",
สระบุรี,ประชากรที่มิใช่สัญชาติไทย,"6,043",
สระบุรี,ประชากรอยู่ระหว่างการย้าย,"2,063",
ชลบุรี,รวม,"1,558,301",
ชลบุรี,0-4,"88,027",
ชลบุรี,5-9,"100,420",
ชลบุรี,10-14,"98,454",
ชลบุรี,15-19,"93,613",
ชลบุรี,20-24,"112,418",
ชลบุรี,25-29,"109,781",
ชลบุรี,30-34,"112,648",
ชลบุรี,35-39,"134,302",
ชลบุรี,40-44,"135,209",
ชลบุรี,45-49,"123,547",
ชลบุรี,50-54,"111,637",
ชลบุรี,55-59,"92,860",
ชลบุรี,60-64,"67,300",
ชลบุรี,65-69,"50,338",
ชลบุรี,70-74,"33,703",
ชลบุรี,75-79,"22,892",
ชลบุรี,80-84,"16,243",
ชลบุรี,85-89,"8,923",
ชลบุรี,90-94,"3,797",
ชลบุรี,95-99,"1,284",
ชลบุรี,100 และมากกว่า,541,
ชลบุรี,ไม่ทราบ/ระบุปีจันทรคติ,0,
ชลบุรี,ประชากรในทะเบียนบ้านกลาง,"19,284",
ชลบุรี,ประชากรที่มิใช่สัญชาติไทย,"13,500",
ชลบุรี,ประชากรอยู่ระหว่างการย้าย,"7,580",
ระยอง,รวม,"734,753",
ระยอง,0-4,"41,375",
ระยอง,5-9,"48,472",
ระยอง,10-14,"48,577",
ระยอง,15-19,"45,274",
ระยอง,20-24,"49,406",
ระยอง,25-29,"53,424",
ระยอง,30-34,"55,395",
ระยอง,35-39,"63,155",
ระยอง,40-44,"63,685",
ระยอง,45-49,"60,646",
ระยอง,50-54,"53,549",
ระยอง,55-59,"42,758",
ระยอง,60-64,"30,701",
ระยอง,65-69,"23,398",
ระยอง,70-74,"15,761",
ระยอง,75-79,"11,082",
ระยอง,80-84,"7,533",
ระยอง,85-89,"4,058",
ระยอง,90-94,"1,565",
ระยอง,95-99,407,
ระยอง,100 และมากกว่า,130,
ระยอง,ไม่ทราบ/ระบุปีจันทรคติ,0,
ระยอง,ประชากรในทะเบียนบ้านกลาง,"7,335",
ระยอง,ประชากรที่มิใช่สัญชาติไทย,"4,628",
ระยอง,ประชากรอยู่ระหว่างการย้าย,"2,439",
จันทบุรี,รวม,"537,698",
จันทบุรี,0-4,"26,121",
จันทบุรี,5-9,"30,585",
จันทบุรี,10-14,"30,892",
จันทบุรี,15-19,"32,589",
จันทบุรี,20-24,"37,350",
จันทบุรี,25-29,"37,803",
จันทบุรี,30-34,"36,358",
จันทบุรี,35-39,"39,379",
จันทบุรี,40-44,"39,979",
จันทบุรี,45-49,"42,185",
จันทบุรี,50-54,"42,949",
จันทบุรี,55-59,"38,534",
จันทบุรี,60-64,"29,347",
จันทบุรี,65-69,"23,122",
จันทบุรี,70-74,"15,656",
จันทบุรี,75-79,"11,120",
จันทบุรี,80-84,"8,459",
จันทบุรี,85-89,"4,857",
จันทบุรี,90-94,"2,141",
จันทบุรี,95-99,570,
จันทบุรี,100 และมากกว่า,148,
จันทบุรี,ไม่ทราบ/ระบุปีจันทรคติ,0,
จันทบุรี,ประชากรในทะเบียนบ้านกลาง,"4,090",
จันทบุรี,ประชากรที่มิใช่สัญชาติไทย,"2,520",
จันทบุรี,ประชากรอยู่ระหว่างการย้าย,944,
ตราด,รวม,"229,958",
ตราด,0-4,"10,547",
ตราด,5-9,"12,761",
ตราด,10-14,"13,218",
ตราด,15-19,"13,623",
ตราด,20-24,"14,898",
ตราด,25-29,"15,584",
ตราด,30-34,"15,290",
ตราด,35-39,"16,488",
ตราด,40-44,"16,768",
ตราด,45-49,"17,032",
ตราด,50-54,"16,814",
ตราด,55-59,"15,463",
ตราด,60-64,"12,126",
ตราด,65-69,"9,477",
ตราด,70-74,"6,599",
ตราด,75-79,"4,916",
ตราด,80-84,"3,432",
ตราด,85-89,"1,806",
ตราด,90-94,742,
ตราด,95-99,226,
ตราด,100 และมากกว่า,89,
ตราด,ไม่ทราบ/ระบุปีจันทรคติ,0,
ตราด,ประชากรในทะเบียนบ้านกลาง,"3,427",
ตราด,ประชากรที่มิใช่สัญชาติไทย,"8,023",
ตราด,ประชากรอยู่ระหว่างการย้าย,609,
ฉะเชิงเทรา,รวม,"720,113",
ฉะเชิงเทรา,0-4,"36,826",
ฉะเชิงเทรา,5-9,"42,596",
ฉะเชิงเทรา,10-14,"43,580",
ฉะเชิงเทรา,15-19,"43,740",
ฉะเชิงเทรา,20-24,"49,469",
ฉะเชิงเทรา,25-29,"51,578",
ฉะเชิงเทรา,30-34,"50,768",
ฉะเชิงเทรา,35-39,"56,099",
ฉะเชิงเทรา,40-44,"56,393",
ฉะเชิงเทรา,45-49,"55,345",
ฉะเชิงเทรา,50-54,"55,092",
ฉะเชิงเทรา,55-59,"48,231",
ฉะเชิงเทรา,60-64,"35,843",
ฉะเชิงเทรา,65-69,"29,181",
ฉะเชิงเทรา,70-74,"20,936",
ฉะเชิงเทรา,75-79,"14,500",
ฉะเชิงเทรา,80-84,"11,045",
ฉะเชิงเทรา,85-89,"5,978",
ฉะเชิงเทรา,90-94,"2,666",
ฉะเชิงเทรา,95-99,837,
ฉะเชิงเทรา,100 และมากกว่า,332,
ฉะเชิงเทรา,ไม่ทราบ/ระบุปีจันทรคติ,0,
ฉะเชิงเทรา,ประชากรในทะเบียนบ้านกลาง,"5,897",
ฉะเชิงเทรา,ประชากรที่มิใช่สัญชาติไทย,"2,064",
ฉะเชิงเทรา,ประชากรอยู่ระหว่างการย้าย,"1,117",
ปราจีนบุรี,รวม,"494,680",
ปราจีนบุรี,0-4,"25,864",
ปราจีนบุรี,5-9,"29,319",
ปราจีนบุรี,10-14,"29,609",
ปราจีนบุรี,15-19,"29,758",
ปราจีนบุรี,20-24,"37,817",
ปราจีนบุรี,25-29,"35,918",
ปราจีนบุรี,30-34,"34,554",
ปราจีนบุรี,35-39,"37,812",
ปราจีนบุรี,40-44,"39,184",
ปราจีนบุรี,45-49,"37,790",
ปราจีนบุรี,50-54,"36,831",
ปราจีนบุรี,55-59,"32,659",
ปราจีนบุรี,60-64,"24,445",
ปราจีนบุรี,65-69,"19,620",
ปราจีนบุรี,70-74,"13,556",
ปราจีนบุรี,75-79,"9,629",
ปราจีนบุรี,80-84,"7,262",
ปราจีนบุรี,85-89,"4,031",
ปราจีนบุรี,90-94,"1,718",
ปราจีนบุรี,95-99,449,
ปราจีนบุรี,100 และมากกว่า,135,
ปราจีนบุรี,ไม่ทราบ/ระบุปีจันทรคติ,0,
ปราจีนบุรี,ประชากรในทะเบียนบ้านกลาง,"5,077",
ปราจีนบุรี,ประชากรที่มิใช่สัญชาติไทย,834,
ปราจีนบุรี,ประชากรอยู่ระหว่างการย้าย,809,
นครนายก,รวม,"260,751",
นครนายก,0-4,"11,822",
นครนายก,5-9,"13,884",
นครนายก,10-14,"14,994",
นครนายก,15-19,"16,082",
นครนายก,20-24,"18,721",
นครนายก,25-29,"18,255",
นครนายก,30-34,"17,171",
นครนายก,35-39,"18,301",
นครนายก,40-44,"18,970",
นครนายก,45-49,"19,006",
นครนายก,50-54,"20,822",
นครนายก,55-59,"18,905",
นครนายก,60-64,"14,577",
นครนายก,65-69,"12,225",
นครนายก,70-74,"8,561",
นครนายก,75-79,"6,160",
นครนายก,80-84,"4,711",
นครนายก,85-89,"2,591",
นครนายก,90-94,"1,084",
นครนายก,95-99,312,
นครนายก,100 และมากกว่า,80,
นครนายก,ไม่ทราบ/ระบุปีจันทรคติ,1,
นครนายก,ประชากรในทะเบียนบ้านกลาง,"2,221",
นครนายก,ประชากรที่มิใช่สัญชาติไทย,921,
นครนายก,ประชากรอยู่ระหว่างการย้าย,374,
สระแก้ว,รวม,"566,303",
สระแก้ว,0-4,"30,269",
สระแก้ว,5-9,"35,677",
สระแก้ว,10-14,"36,913",
สระแก้ว,15-19,"35,963",
สระแก้ว,20-24,"41,643",
สระแก้ว,25-29,"41,142",
สระแก้ว,30-34,"39,744",
สระแก้ว,35-39,"42,663",
สระแก้ว,40-44,"44,040",
สระแก้ว,45-49,"44,924",
สระแก้ว,50-54,"42,710",
สระแก้ว,55-59,"36,259",
สระแก้ว,60-64,"26,970",
สระแก้ว,65-69,"20,741",
สระแก้ว,70-74,"13,837",
สระแก้ว,75-79,"9,264",
สระแก้ว,80-84,"6,483",
สระแก้ว,85-89,"3,254",
สระแก้ว,90-94,"1,312",
สระแก้ว,95-99,421,
สระแก้ว,100 และมากกว่า,110,
สระแก้ว,ไม่ทราบ/ระบุปีจันทรคติ,0,
สระแก้ว,ประชากรในทะเบียนบ้านกลาง,"8,251",
สระแก้ว,ประชากรที่มิใช่สัญชาติไทย,"3,015",
สระแก้ว,ประชากรอยู่ระหว่างการย้าย,698,
ราชบุรี,รวม,"873,101",
ราชบุรี,0-4,"38,101",
ราชบุรี,5-9,"45,813",
ราชบุรี,10-14,"50,108",
ราชบุรี,15-19,"50,716",
ราชบุรี,20-24,"59,901",
ราชบุรี,25-29,"60,178",
ราชบุรี,30-34,"56,592",
ราชบุรี,35-39,"62,157",
ราชบุรี,40-44,"65,344",
ราชบุรี,45-49,"65,775",
ราชบุรี,50-54,"64,783",
ราชบุรี,55-59,"60,789",
ราชบุรี,60-64,"47,742",
ราชบุรี,65-69,"40,101",
ราชบุรี,70-74,"27,564",
ราชบุรี,75-79,"18,398",
ราชบุรี,80-84,"14,173",
ราชบุรี,85-89,"7,957",
ราชบุรี,90-94,"3,217",
ราชบุรี,95-99,878,
ราชบุรี,100 และมากกว่า,293,
ราชบุรี,ไม่ทราบ/ระบุปีจันทรคติ,2,
ราชบุรี,ประชากรในทะเบียนบ้านกลาง,"6,348",
ราชบุรี,ประชากรที่มิใช่สัญชาติไทย,"22,889",
ราชบุรี,ประชากรอยู่ระหว่างการย้าย,"3,282",
กาญจนบุรี,รวม,"895,525",
กาญจนบุรี,0-4,"40,521",
กาญจนบุรี,5-9,"50,063",
กาญจนบุรี,10-14,"53,251",
กาญจนบุรี,15-19,"51,976",
กาญจนบุรี,20-24,"61,743",
กาญจนบุรี,25-29,"60,797",
กาญจนบุรี,30-34,"59,501",
กาญจนบุรี,35-39,"62,021",
กาญจนบุรี,40-44,"63,176",
กาญจนบุรี,45-49,"62,571",
กาญจนบุรี,50-54,"58,819",
กาญจนบุรี,55-59,"53,551",
กาญจนบุรี,60-64,"41,743",
กาญจนบุรี,65-69,"33,171",
กาญจนบุรี,70-74,"22,487",
กาญจนบุรี,75-79,"14,603",
กาญจนบุรี,80-84,"10,571",
กาญจนบุรี,85-89,"5,404",
กาญจนบุรี,90-94,"2,279",
กาญจนบุรี,95-99,606,
กาญจนบุรี,100 และมากกว่า,265,
กาญจนบุรี,ไม่ทราบ/ระบุปีจันทรคติ,2,
กาญจนบุรี,ประชากรในทะเบียนบ้านกลาง,"11,101",
กาญจนบุรี,ประชากรที่มิใช่สัญชาติไทย,"72,313",
กาญจนบุรี,ประชากรอยู่ระหว่างการย้าย,"2,990",
สุพรรณบุรี,รวม,"846,334",
สุพรรณบุรี,0-4,"36,714",
สุพรรณบุรี,5-9,"44,929",
สุพรรณบุรี,10-14,"48,851",
สุพรรณบุรี,15-19,"48,285",
สุพรรณบุรี,20-24,"54,397",
สุพรรณบุรี,25-29,"58,398",
สุพรรณบุรี,30-34,"58,141",
สุพรรณบุรี,35-39,"62,544",
สุพรรณบุรี,40-44,"64,122",
สุพรรณบุรี,45-49,"61,961",
สุพรรณบุรี,50-54,"65,433",
สุพรรณบุรี,55-59,"63,622",
สุพรรณบุรี,60-64,"48,422",
สุพรรณบุรี,65-69,"41,707",
สุพรรณบุรี,70-74,"29,856",
สุพรรณบุรี,75-79,"20,377",
สุพรรณบุรี,80-84,"16,177",
สุพรรณบุรี,85-89,"8,025",
สุพรรณบุรี,90-94,"3,181",
สุพรรณบุรี,95-99,835,
สุพรรณบุรี,100 และมากกว่า,276,
สุพรรณบุรี,ไม่ทราบ/ระบุปีจันทรคติ,0,
สุพรรณบุรี,ประชากรในทะเบียนบ้านกลาง,"6,737",
สุพรรณบุรี,ประชากรที่มิใช่สัญชาติไทย,"1,857",
สุพรรณบุรี,ประชากรอยู่ระหว่างการย้าย,"1,487",
นครปฐม,รวม,"920,030",
นครปฐม,0-4,"42,243",
นครปฐม,5-9,"50,380",
นครปฐม,10-14,"52,687",
นครปฐม,15-19,"53,764",
นครปฐม,20-24,"67,805",
นครปฐม,25-29,"66,629",
นครปฐม,30-34,"62,476",
นครปฐม,35-39,"70,597",
นครปฐม,40-44,"73,598",
นครปฐม,45-49,"70,815",
นครปฐม,50-54,"70,770",
นครปฐม,55-59,"65,494",
นครปฐม,60-64,"49,687",
นครปฐม,65-69,"38,937",
นครปฐม,70-74,"26,624",
นครปฐม,75-79,"17,263",
นครปฐม,80-84,"13,050",
นครปฐม,85-89,"6,919",
นครปฐม,90-94,"2,915",
นครปฐม,95-99,821,
นครปฐม,100 และมากกว่า,254,
นครปฐม,ไม่ทราบ/ระบุปีจันทรคติ,1,
นครปฐม,ประชากรในทะเบียนบ้านกลาง,"9,851",
นครปฐม,ประชากรที่มิใช่สัญชาติไทย,"3,604",
นครปฐม,ประชากรอยู่ระหว่างการย้าย,"2,846",
สมุทรสาคร,รวม,"584,703",
สมุทรสาคร,0-4,"27,949",
สมุทรสาคร,5-9,"32,917",
สมุทรสาคร,10-14,"33,206",
สมุทรสาคร,15-19,"32,498",
สมุทรสาคร,20-24,"38,296",
สมุทรสาคร,25-29,"40,254",
สมุทรสาคร,30-34,"38,840",
สมุทรสาคร,35-39,"43,493",
สมุทรสาคร,40-44,"45,712",
สมุทรสาคร,45-49,"43,791",
สมุทรสาคร,50-54,"42,850",
สมุทรสาคร,55-59,"37,957",
สมุทรสาคร,60-64,"28,132",
สมุทรสาคร,65-69,"21,760",
สมุทรสาคร,70-74,"14,515",
สมุทรสาคร,75-79,"9,627",
สมุทรสาคร,80-84,"6,821",
สมุทรสาคร,85-89,"3,533",
สมุทรสาคร,90-94,"1,546",
สมุทรสาคร,95-99,492,
สมุทรสาคร,100 และมากกว่า,237,
สมุทรสาคร,ไม่ทราบ/ระบุปีจันทรคติ,3,
สมุทรสาคร,ประชากรในทะเบียนบ้านกลาง,"33,982",
สมุทรสาคร,ประชากรที่มิใช่สัญชาติไทย,"4,616",
สมุทรสาคร,ประชากรอยู่ระหว่างการย้าย,"1,676",
สมุทรสงคราม,รวม,"193,305",
สมุทรสงคราม,0-4,"7,260",
สมุทรสงคราม,5-9,"9,018",
สมุทรสงคราม,10-14,"10,234",
สมุทรสงคราม,15-19,"10,497",
สมุทรสงคราม,20-24,"11,856",
สมุทรสงคราม,25-29,"12,293",
สมุทรสงคราม,30-34,"12,426",
สมุทรสงคราม,35-39,"14,152",
สมุทรสงคราม,40-44,"14,741",
สมุทรสงคราม,45-49,"14,933",
สมุทรสงคราม,50-54,"15,381",
สมุทรสงคราม,55-59,"14,564",
สมุทรสงคราม,60-64,"11,798",
สมุทรสงคราม,65-69,"10,654",
สมุทรสงคราม,70-74,"7,558",
สมุทรสงคราม,75-79,"5,242",
สมุทรสงคราม,80-84,"4,046",
สมุทรสงคราม,85-89,"2,324",
สมุทรสงคราม,90-94,"1,034",
สมุทรสงคราม,95-99,285,
สมุทรสงคราม,100 และมากกว่า,78,
สมุทรสงคราม,ไม่ทราบ/ระบุปีจันทรคติ,0,
สมุทรสงคราม,ประชากรในทะเบียนบ้านกลาง,"2,220",
สมุทรสงคราม,ประชากรที่มิใช่สัญชาติไทย,520,
สมุทรสงคราม,ประชากรอยู่ระหว่างการย้าย,191,
เพชรบุรี,รวม,"485,191",
เพชรบุรี,0-4,"22,161",
เพชรบุรี,5-9,"26,432",
เพชรบุรี,10-14,"27,818",
เพชรบุรี,15-19,"27,480",
เพชรบุรี,20-24,"32,369",
เพชรบุรี,25-29,"33,806",
เพชรบุรี,30-34,"33,081",
เพชรบุรี,35-39,"35,451",
เพชรบุรี,40-44,"37,233",
เพชรบุรี,45-49,"37,667",
เพชรบุรี,50-54,"38,024",
เพชรบุรี,55-59,"34,399",
เพชรบุรี,60-64,"27,348",
เพชรบุรี,65-69,"21,837",
เพชรบุรี,70-74,"15,467",
เพชรบุรี,75-79,"10,266",
เพชรบุรี,80-84,"8,167",
เพชรบุรี,85-89,"4,652",
เพชรบุรี,90-94,"1,887",
เพชรบุรี,95-99,506,
เพชรบุรี,100 และมากกว่า,128,
เพชรบุรี,ไม่ทราบ/ระบุปีจันทรคติ,0,
เพชรบุรี,ประชากรในทะเบียนบ้านกลาง,"5,443",
เพชรบุรี,ประชากรที่มิใช่สัญชาติไทย,"2,807",
เพชรบุรี,ประชากรอยู่ระหว่างการย้าย,762,
ประจวบคีรีขันธ์,รวม,"554,116",
ประจวบคีรีขันธ์,0-4,"27,246",
ประจวบคีรีขันธ์,5-9,"32,391",
ประจวบคีรีขันธ์,10-14,"33,766",
ประจวบคีรีขันธ์,15-19,"33,603",
ประจวบคีรีขันธ์,20-24,"42,318",
ประจวบคีรีขันธ์,25-29,"38,965",
ประจวบคีรีขันธ์,30-34,"37,661",
ประจวบคีรีขันธ์,35-39,"40,406",
ประจวบคีรีขันธ์,40-44,"41,982",
ประจวบคีรีขันธ์,45-49,"41,516",
ประจวบคีรีขันธ์,50-54,"40,400",
ประจวบคีรีขันธ์,55-59,"36,723",
ประจวบคีรีขันธ์,60-64,"27,809",
ประจวบคีรีขันธ์,65-69,"21,961",
ประจวบคีรีขันธ์,70-74,"14,714",
ประจวบคีรีขันธ์,75-79,"9,390",
ประจวบคีรีขันธ์,80-84,"7,586",
ประจวบคีรีขันธ์,85-89,"4,257",
ประจวบคีรีขันธ์,90-94,"1,948",
ประจวบคีรีขันธ์,95-99,727,
ประจวบคีรีขันธ์,100 และมากกว่า,401,
ประจวบคีรีขันธ์,ไม่ทราบ/ระบุปีจันทรคติ,1,
ประจวบคีรีขันธ์,ประชากรในทะเบียนบ้านกลาง,"7,902",
ประจวบคีรีขันธ์,ประชากรที่มิใช่สัญชาติไทย,"9,522",
ประจวบคีรีขันธ์,ประชากรอยู่ระหว่างการย้าย,921,
ภาคเหนือ,รวม,"12,119,572",
ภาคเหนือ,0-4,"519,353",
ภาคเหนือ,5-9,"620,303",
ภาคเหนือ,10-14,"649,543",
ภาคเหนือ,15-19,"669,953",
ภาคเหนือ,20-24,"786,351",
ภาคเหนือ,25-29,"829,760",
ภาคเหนือ,30-34,"781,223",
ภาคเหนือ,35-39,"840,048",
ภาคเหนือ,40-44,"849,021",
ภาคเหนือ,45-49,"866,726",
ภาคเหนือ,50-54,"924,154",
ภาคเหนือ,55-59,"918,820",
ภาคเหนือ,60-64,"767,397",
ภาคเหนือ,65-69,"585,109",
ภาคเหนือ,70-74,"373,180",
ภาคเหนือ,75-79,"239,830",
ภาคเหนือ,80-84,"174,886",
ภาคเหนือ,85-89,"97,915",
ภาคเหนือ,90-94,"36,660",
ภาคเหนือ,95-99,"9,411",
ภาคเหนือ,100 และมากกว่า,"3,082",
ภาคเหนือ,ไม่ทราบ/ระบุปีจันทรคติ,7,
ภาคเหนือ,ประชากรในทะเบียนบ้านกลาง,"127,529",
ภาคเหนือ,ประชากรที่มิใช่สัญชาติไทย,"433,260",
ภาคเหนือ,ประชากรอยู่ระหว่างการย้าย,"16,051",
เชียงใหม่,รวม,"1,779,254",
เชียงใหม่,0-4,"76,090",
เชียงใหม่,5-9,"85,216",
เชียงใหม่,10-14,"87,640",
เชียงใหม่,15-19,"93,107",
เชียงใหม่,20-24,"109,613",
เชียงใหม่,25-29,"119,755",
เชียงใหม่,30-34,"115,836",
เชียงใหม่,35-39,"124,209",
เชียงใหม่,40-44,"115,171",
เชียงใหม่,45-49,"107,921",
เชียงใหม่,50-54,"118,366",
เชียงใหม่,55-59,"131,220",
เชียงใหม่,60-64,"121,167",
เชียงใหม่,65-69,"86,141",
เชียงใหม่,70-74,"50,393",
เชียงใหม่,75-79,"29,312",
เชียงใหม่,80-84,"23,071",
เชียงใหม่,85-89,"15,182",
เชียงใหม่,90-94,"6,184",
เชียงใหม่,95-99,"1,667",
เชียงใหม่,100 และมากกว่า,575,
เชียงใหม่,ไม่ทราบ/ระบุปีจันทรคติ,1,
เชียงใหม่,ประชากรในทะเบียนบ้านกลาง,"23,190",
เชียงใหม่,ประชากรที่มิใช่สัญชาติไทย,"135,160",
เชียงใหม่,ประชากรอยู่ระหว่างการย้าย,"3,067",
ลำพูน,รวม,"405,075",
ลำพูน,0-4,"15,863",
ลำพูน,5-9,"18,100",
ลำพูน,10-14,"18,536",
ลำพูน,15-19,"18,954",
ลำพูน,20-24,"22,982",
ลำพูน,25-29,"28,386",
ลำพูน,30-34,"28,390",
ลำพูน,35-39,"30,155",
ลำพูน,40-44,"28,027",
ลำพูน,45-49,"27,949",
ลำพูน,50-54,"32,701",
ลำพูน,55-59,"36,582",
ลำพูน,60-64,"33,548",
ลำพูน,65-69,"23,930",
ลำพูน,70-74,"14,396",
ลำพูน,75-79,"8,999",
ลำพูน,80-84,"6,475",
ลำพูน,85-89,"3,823",
ลำพูน,90-94,"1,405",
ลำพูน,95-99,289,
ลำพูน,100 และมากกว่า,80,
ลำพูน,ไม่ทราบ/ระบุปีจันทรคติ,0,
ลำพูน,ประชากรในทะเบียนบ้านกลาง,"3,176",
ลำพูน,ประชากรที่มิใช่สัญชาติไทย,"1,861",
ลำพูน,ประชากรอยู่ระหว่างการย้าย,468,
ลำปาง,รวม,"738,316",
ลำปาง,0-4,"25,039",
ลำปาง,5-9,"29,892",
ลำปาง,10-14,"32,164",
ลำปาง,15-19,"34,911",
ลำปาง,20-24,"47,309",
ลำปาง,25-29,"52,781",
ลำปาง,30-34,"49,823",
ลำปาง,35-39,"48,818",
ลำปาง,40-44,"49,456",
ลำปาง,45-49,"56,613",
ลำปาง,50-54,"63,966",
ลำปาง,55-59,"68,366",
ลำปาง,60-64,"59,620",
ลำปาง,65-69,"43,019",
ลำปาง,70-74,"26,463",
ลำปาง,75-79,"16,942",
ลำปาง,80-84,"12,816",
ลำปาง,85-89,"7,761",
ลำปาง,90-94,"2,668",
ลำปาง,95-99,592,
ลำปาง,100 และมากกว่า,148,
ลำปาง,ไม่ทราบ/ระบุปีจันทรคติ,0,
ลำปาง,ประชากรในทะเบียนบ้านกลาง,"6,014",
ลำปาง,ประชากรที่มิใช่สัญชาติไทย,"2,446",
ลำปาง,ประชากรอยู่ระหว่างการย้าย,689,
อุตรดิตถ์,รวม,"453,103",
อุตรดิตถ์,0-4,"17,090",
อุตรดิตถ์,5-9,"22,040",
อุตรดิตถ์,10-14,"24,273",
อุตรดิตถ์,15-19,"25,381",
อุตรดิตถ์,20-24,"29,856",
อุตรดิตถ์,25-29,"29,686",
อุตรดิตถ์,30-34,"27,874",
อุตรดิตถ์,35-39,"30,557",
อุตรดิตถ์,40-44,"34,418",
อุตรดิตถ์,45-49,"37,616",
อุตรดิตถ์,50-54,"38,037",
อุตรดิตถ์,55-59,"36,554",
อุตรดิตถ์,60-64,"30,014",
อุตรดิตถ์,65-69,"24,403",
อุตรดิตถ์,70-74,"16,020",
อุตรดิตถ์,75-79,"10,830",
อุตรดิตถ์,80-84,"7,816",
อุตรดิตถ์,85-89,"4,370",
อุตรดิตถ์,90-94,"1,510",
อุตรดิตถ์,95-99,323,
อุตรดิตถ์,100 และมากกว่า,94,
อุตรดิตถ์,ไม่ทราบ/ระบุปีจันทรคติ,1,
อุตรดิตถ์,ประชากรในทะเบียนบ้านกลาง,"2,735",
อุตรดิตถ์,ประชากรที่มิใช่สัญชาติไทย,"1,041",
อุตรดิตถ์,ประชากรอยู่ระหว่างการย้าย,564,
แพร่,รวม,"441,726",
แพร่,0-4,"15,255",
แพร่,5-9,"18,481",
แพร่,10-14,"20,231",
แพร่,15-19,"21,483",
แพร่,20-24,"27,190",
แพร่,25-29,"30,839",
แพร่,30-34,"29,124",
แพร่,35-39,"30,899",
แพร่,40-44,"30,712",
แพร่,45-49,"34,201",
แพร่,50-54,"39,317",
แพร่,55-59,"39,996",
แพร่,60-64,"35,081",
แพร่,65-69,"25,955",
แพร่,70-74,"16,688",
แพร่,75-79,"11,274",
แพร่,80-84,"7,155",
แพร่,85-89,"3,468",
แพร่,90-94,"1,043",
แพร่,95-99,187,
แพร่,100 และมากกว่า,29,
แพร่,ไม่ทราบ/ระบุปีจันทรคติ,0,
แพร่,ประชากรในทะเบียนบ้านกลาง,"2,235",
แพร่,ประชากรที่มิใช่สัญชาติไทย,528,
แพร่,ประชากรอยู่ระหว่างการย้าย,355,
น่าน,รวม,"478,227",
น่าน,0-4,"21,213",
น่าน,5-9,"24,399",
น่าน,10-14,"25,192",
น่าน,15-19,"25,099",
น่าน,20-24,"31,955",
น่าน,25-29,"34,746",
น่าน,30-34,"33,342",
น่าน,35-39,"34,513",
น่าน,40-44,"33,572",
น่าน,45-49,"34,503",
น่าน,50-54,"42,379",
น่าน,55-59,"40,234",
น่าน,60-64,"33,863",
น่าน,65-69,"23,346",
น่าน,70-74,"14,098",
น่าน,75-79,"10,092",
น่าน,80-84,"6,881",
น่าน,85-89,"3,839",
น่าน,90-94,"1,209",
น่าน,95-99,280,
น่าน,100 และมากกว่า,51,
น่าน,ไม่ทราบ/ระบุปีจันทรคติ,-,
น่าน,ประชากรในทะเบียนบ้านกลาง,"1,428",
น่าน,ประชากรที่มิใช่สัญชาติไทย,"1,649",
น่าน,ประชากรอยู่ระหว่างการย้าย,344,
พะเยา,รวม,"472,356",
พะเยา,0-4,"17,790",
พะเยา,5-9,"21,031",
พะเยา,10-14,"22,148",
พะเยา,15-19,"23,381",
พะเยา,20-24,"31,653",
พะเยา,25-29,"33,641",
พะเยา,30-34,"31,314",
พะเยา,35-39,"33,483",
พะเยา,40-44,"33,058",
พะเยา,45-49,"35,735",
พะเยา,50-54,"40,989",
พะเยา,55-59,"42,881",
พะเยา,60-64,"36,640",
พะเยา,65-69,"26,568",
พะเยา,70-74,"15,213",
พะเยา,75-79,"9,059",
พะเยา,80-84,"6,632",
พะเยา,85-89,"3,566",
พะเยา,90-94,"1,196",
พะเยา,95-99,200,
พะเยา,100 และมากกว่า,42,
พะเยา,ไม่ทราบ/ระบุปีจันทรคติ,0,
พะเยา,ประชากรในทะเบียนบ้านกลาง,"3,946",
พะเยา,ประชากรที่มิใช่สัญชาติไทย,"1,775",
พะเยา,ประชากรอยู่ระหว่างการย้าย,415,
เชียงราย,รวม,"1,298,304",
เชียงราย,0-4,"56,333",
เชียงราย,5-9,"65,629",
เชียงราย,10-14,"64,639",
เชียงราย,15-19,"68,552",
เชียงราย,20-24,"79,850",
เชียงราย,25-29,"86,378",
เชียงราย,30-34,"78,684",
เชียงราย,35-39,"86,521",
เชียงราย,40-44,"82,220",
เชียงราย,45-49,"83,222",
เชียงราย,50-54,"91,438",
เชียงราย,55-59,"95,795",
เชียงราย,60-64,"84,264",
เชียงราย,65-69,"58,981",
เชียงราย,70-74,"34,031",
เชียงราย,75-79,"21,071",
เชียงราย,80-84,"14,677",
เชียงราย,85-89,"8,648",
เชียงราย,90-94,"3,019",
เชียงราย,95-99,854,
เชียงราย,100 และมากกว่า,317,
เชียงราย,ไม่ทราบ/ระบุปีจันทรคติ,0,
เชียงราย,ประชากรในทะเบียนบ้านกลาง,"11,059",
เชียงราย,ประชากรที่มิใช่สัญชาติไทย,"120,844",
เชียงราย,ประชากรอยู่ระหว่างการย้าย,"1,278",
แม่ฮ่องสอน,รวม,"284,138",
แม่ฮ่องสอน,0-4,"15,490",
แม่ฮ่องสอน,5-9,"18,063",
แม่ฮ่องสอน,10-14,"18,256",
แม่ฮ่องสอน,15-19,"19,198",
แม่ฮ่องสอน,20-24,"19,462",
แม่ฮ่องสอน,25-29,"20,164",
แม่ฮ่องสอน,30-34,"18,741",
แม่ฮ่องสอน,35-39,"18,046",
แม่ฮ่องสอน,40-44,"15,635",
แม่ฮ่องสอน,45-49,"14,690",
แม่ฮ่องสอน,50-54,"14,765",
แม่ฮ่องสอน,55-59,"13,092",
แม่ฮ่องสอน,60-64,"9,977",
แม่ฮ่องสอน,65-69,"8,198",
แม่ฮ่องสอน,70-74,"5,348",
แม่ฮ่องสอน,75-79,"3,780",
แม่ฮ่องสอน,80-84,"2,838",
แม่ฮ่องสอน,85-89,"1,711",
แม่ฮ่องสอน,90-94,826,
แม่ฮ่องสอน,95-99,239,
แม่ฮ่องสอน,100 และมากกว่า,150,
แม่ฮ่องสอน,ไม่ทราบ/ระบุปีจันทรคติ,5,
แม่ฮ่องสอน,ประชากรในทะเบียนบ้านกลาง,"1,957",
แม่ฮ่องสอน,ประชากรที่มิใช่สัญชาติไทย,"43,066",
แม่ฮ่องสอน,ประชากรอยู่ระหว่างการย้าย,441,
นครสวรรค์,รวม,"1,059,887",
นครสวรรค์,0-4,"44,252",
นครสวรรค์,5-9,"56,165",
นครสวรรค์,10-14,"59,574",
นครสวรรค์,15-19,"59,205",
นครสวรรค์,20-24,"69,611",
นครสวรรค์,25-29,"73,263",
นครสวรรค์,30-34,"67,737",
นครสวรรค์,35-39,"74,721",
นครสวรรค์,40-44,"77,244",
นครสวรรค์,45-49,"79,557",
นครสวรรค์,50-54,"85,668",
นครสวรรค์,55-59,"81,084",
นครสวรรค์,60-64,"62,461",
นครสวรรค์,65-69,"52,509",
นครสวรรค์,70-74,"36,315",
นครสวรรค์,75-79,"24,355",
นครสวรรค์,80-84,"18,713",
นครสวรรค์,85-89,"9,832",
นครสวรรค์,90-94,"3,924",
นครสวรรค์,95-99,"1,145",
นครสวรรค์,100 และมากกว่า,434,
นครสวรรค์,ไม่ทราบ/ระบุปีจันทรคติ,0,
นครสวรรค์,ประชากรในทะเบียนบ้านกลาง,"18,891",
นครสวรรค์,ประชากรที่มิใช่สัญชาติไทย,"1,437",
นครสวรรค์,ประชากรอยู่ระหว่างการย้าย,"1,790",
อุทัยธานี,รวม,"328,618",
อุทัยธานี,0-4,"15,372",
อุทัยธานี,5-9,"18,216",
อุทัยธานี,10-14,"19,565",
อุทัยธานี,15-19,"19,345",
อุทัยธานี,20-24,"21,391",
อุทัยธานี,25-29,"22,516",
อุทัยธานี,30-34,"21,231",
อุทัยธานี,35-39,"23,418",
อุทัยธานี,40-44,"24,465",
อุทัยธานี,45-49,"25,483",
อุทัยธานี,50-54,"25,976",
อุทัยธานี,55-59,"23,252",
อุทัยธานี,60-64,"19,210",
อุทัยธานี,65-69,"15,965",
อุทัยธานี,70-74,"11,371",
อุทัยธานี,75-79,"8,155",
อุทัยธานี,80-84,"5,878",
อุทัยธานี,85-89,"2,920",
อุทัยธานี,90-94,"1,171",
อุทัยธานี,95-99,309,
อุทัยธานี,100 และมากกว่า,62,
อุทัยธานี,ไม่ทราบ/ระบุปีจันทรคติ,0,
อุทัยธานี,ประชากรในทะเบียนบ้านกลาง,"2,571",
อุทัยธานี,ประชากรที่มิใช่สัญชาติไทย,446,
อุทัยธานี,ประชากรอยู่ระหว่างการย้าย,330,
กำแพงเพชร,รวม,"725,867",
กำแพงเพชร,0-4,"32,956",
กำแพงเพชร,5-9,"41,779",
กำแพงเพชร,10-14,"44,696",
กำแพงเพชร,15-19,"43,461",
กำแพงเพชร,20-24,"48,293",
กำแพงเพชร,25-29,"51,369",
กำแพงเพชร,30-34,"48,224",
กำแพงเพชร,35-39,"52,584",
กำแพงเพชร,40-44,"56,587",
กำแพงเพชร,45-49,"56,750",
กำแพงเพชร,50-54,"56,717",
กำแพงเพชร,55-59,"52,002",
กำแพงเพชร,60-64,"40,336",
กำแพงเพชร,65-69,"32,609",
กำแพงเพชร,70-74,"22,048",
กำแพงเพชร,75-79,"13,857",
กำแพงเพชร,80-84,"9,706",
กำแพงเพชร,85-89,"5,276",
กำแพงเพชร,90-94,"1,859",
กำแพงเพชร,95-99,512,
กำแพงเพชร,100 และมากกว่า,163,
กำแพงเพชร,ไม่ทราบ/ระบุปีจันทรคติ,0,
กำแพงเพชร,ประชากรในทะเบียนบ้านกลาง,"12,086",
กำแพงเพชร,ประชากรที่มิใช่สัญชาติไทย,"1,111",
กำแพงเพชร,ประชากรอยู่ระหว่างการย้าย,886,
ตาก,รวม,"665,620",
ตาก,0-4,"36,431",
ตาก,5-9,"41,701",
ตาก,10-14,"42,919",
ตาก,15-19,"43,545",
ตาก,20-24,"43,162",
ตาก,25-29,"41,187",
ตาก,30-34,"37,425",
ตาก,35-39,"36,681",
ตาก,40-44,"36,772",
ตาก,45-49,"35,840",
ตาก,50-54,"35,225",
ตาก,55-59,"31,530",
ตาก,60-64,"24,916",
ตาก,65-69,"19,107",
ตาก,70-74,"13,251",
ตาก,75-79,"8,435",
ตาก,80-84,"5,635",
ตาก,85-89,"3,227",
ตาก,90-94,"1,290",
ตาก,95-99,381,
ตาก,100 และมากกว่า,169,
ตาก,ไม่ทราบ/ระบุปีจันทรคติ,0,
ตาก,ประชากรในทะเบียนบ้านกลาง,"8,642",
ตาก,ประชากรที่มิใช่สัญชาติไทย,"117,368",
ตาก,ประชากรอยู่ระหว่างการย้าย,781,
สุโขทัย,รวม,"595,072",
สุโขทัย,0-4,"24,068",
สุโขทัย,5-9,"30,389",
สุโขทัย,10-14,"32,705",
สุโขทัย,15-19,"32,284",
สุโขทัย,20-24,"37,060",
สุโขทัย,25-29,"39,941",
สุโขทัย,30-34,"37,685",
สุโขทัย,35-39,"40,392",
สุโขทัย,40-44,"46,666",
สุโขทัย,45-49,"49,262",
สุโขทัย,50-54,"49,820",
สุโขทัย,55-59,"48,743",
สุโขทัย,60-64,"36,757",
สุโขทัย,65-69,"30,776",
สุโขทัย,70-74,"20,912",
สุโขทัย,75-79,"13,368",
สุโขทัย,80-84,"9,918",
สุโขทัย,85-89,"5,081",
สุโขทัย,90-94,"1,722",
สุโขทัย,95-99,428,
สุโขทัย,100 และมากกว่า,126,
สุโขทัย,ไม่ทราบ/ระบุปีจันทรคติ,0,
สุโขทัย,ประชากรในทะเบียนบ้านกลาง,"5,016",
สุโขทัย,ประชากรที่มิใช่สัญชาติไทย,645,
สุโขทัย,ประชากรอยู่ระหว่างการย้าย,"1,308",
พิษณุโลก,รวม,"865,247",
พิษณุโลก,0-4,"38,105",
พิษณุโลก,5-9,"45,562",
พิษณุโลก,10-14,"47,758",
พิษณุโลก,15-19,"52,896",
พิษณุโลก,20-24,"63,710",
พิษณุโลก,25-29,"59,319",
พิษณุโลก,30-34,"56,436",
พิษณุโลก,35-39,"62,318",
พิษณุโลก,40-44,"64,980",
พิษณุโลก,45-49,"66,691",
พิษณุโลก,50-54,"68,913",
พิษณุโลก,55-59,"65,468",
พิษณุโลก,60-64,"51,161",
พิษณุโลก,65-69,"40,625",
พิษณุโลก,70-74,"26,957",
พิษณุโลก,75-79,"17,783",
พิษณุโลก,80-84,"13,133",
พิษณุโลก,85-89,"6,692",
พิษณุโลก,90-94,"2,630",
พิษณุโลก,95-99,670,
พิษณุโลก,100 และมากกว่า,159,
พิษณุโลก,ไม่ทราบ/ระบุปีจันทรคติ,0,
พิษณุโลก,ประชากรในทะเบียนบ้านกลาง,"10,240",
พิษณุโลก,ประชากรที่มิใช่สัญชาติไทย,"1,483",
พิษณุโลก,ประชากรอยู่ระหว่างการย้าย,"1,558",
พิจิตร,รวม,"536,311",
พิจิตร,0-4,"21,991",
พิจิตร,5-9,"28,455",
พิจิตร,10-14,"31,081",
พิจิตร,15-19,"30,210",
พิจิตร,20-24,"35,193",
พิจิตร,25-29,"36,497",
พิจิตร,30-34,"34,155",
พิจิตร,35-39,"37,895",
พิจิตร,40-44,"40,953",
พิจิตร,45-49,"41,474",
พิจิตร,50-54,"42,656",
พิจิตร,55-59,"41,580",
พิจิตร,60-64,"32,534",
พิจิตร,65-69,"28,222",
พิจิตร,70-74,"19,126",
พิจิตร,75-79,"12,610",
พิจิตร,80-84,"9,320",
พิจิตร,85-89,"4,954",
พิจิตร,90-94,"1,895",
พิจิตร,95-99,435,
พิจิตร,100 และมากกว่า,129,
พิจิตร,ไม่ทราบ/ระบุปีจันทรคติ,0,
พิจิตร,ประชากรในทะเบียนบ้านกลาง,"3,899",
พิจิตร,ประชากรที่มิใช่สัญชาติไทย,546,
พิจิตร,ประชากรอยู่ระหว่างการย้าย,501,
เพชรบูรณ์,รวม,"992,451",
เพชรบูรณ์,0-4,"46,015",
เพชรบูรณ์,5-9,"55,185",
เพชรบูรณ์,10-14,"58,166",
เพชรบูรณ์,15-19,"58,941",
เพชรบูรณ์,20-24,"68,061",
เพชรบูรณ์,25-29,"69,292",
เพชรบูรณ์,30-34,"65,202",
เพชรบูรณ์,35-39,"74,838",
เพชรบูรณ์,40-44,"79,085",
เพชรบูรณ์,45-49,"79,219",
เพชรบูรณ์,50-54,"77,221",
เพชรบูรณ์,55-59,"70,441",
เพชรบูรณ์,60-64,"55,848",
เพชรบูรณ์,65-69,"44,755",
เพชรบูรณ์,70-74,"30,550",
เพชรบูรณ์,75-79,"19,908",
เพชรบูรณ์,80-84,"14,222",
เพชรบูรณ์,85-89,"7,565",
เพชรบูรณ์,90-94,"3,109",
เพชรบูรณ์,95-99,900,
เพชรบูรณ์,100 และมากกว่า,354,
เพชรบูรณ์,ไม่ทราบ/ระบุปีจันทรคติ,0,
เพชรบูรณ์,ประชากรในทะเบียนบ้านกลาง,"10,444",
เพชรบูรณ์,ประชากรที่มิใช่สัญชาติไทย,"1,854",
เพชรบูรณ์,ประชากรอยู่ระหว่างการย้าย,"1,276",
ภาคตะวันออกเฉียงเหนือ,รวม,"22,014,248",
ภาคตะวันออกเฉียงเหนือ,0-4,"1,047,827",
ภาคตะวันออกเฉียงเหนือ,5-9,"1,272,293",
ภาคตะวันออกเฉียงเหนือ,10-14,"1,326,844",
ภาคตะวันออกเฉียงเหนือ,15-19,"1,377,119",
ภาคตะวันออกเฉียงเหนือ,20-24,"1,569,480",
ภาคตะวันออกเฉียงเหนือ,25-29,"1,619,731",
ภาคตะวันออกเฉียงเหนือ,30-34,"1,506,208",
ภาคตะวันออกเฉียงเหนือ,35-39,"1,671,563",
ภาคตะวันออกเฉียงเหนือ,40-44,"1,777,783",
ภาคตะวันออกเฉียงเหนือ,45-49,"1,868,657",
ภาคตะวันออกเฉียงเหนือ,50-54,"1,743,114",
ภาคตะวันออกเฉียงเหนือ,55-59,"1,443,959",
ภาคตะวันออกเฉียงเหนือ,60-64,"1,130,349",
ภาคตะวันออกเฉียงเหนือ,65-69,"881,468",
ภาคตะวันออกเฉียงเหนือ,70-74,"649,573",
ภาคตะวันออกเฉียงเหนือ,75-79,"411,263",
ภาคตะวันออกเฉียงเหนือ,80-84,"261,983",
ภาคตะวันออกเฉียงเหนือ,85-89,"132,885",
ภาคตะวันออกเฉียงเหนือ,90-94,"48,485",
ภาคตะวันออกเฉียงเหนือ,95-99,"12,314",
ภาคตะวันออกเฉียงเหนือ,100 และมากกว่า,"3,795",
ภาคตะวันออกเฉียงเหนือ,ไม่ทราบ/ระบุปีจันทรคติ,18,
ภาคตะวันออกเฉียงเหนือ,ประชากรในทะเบียนบ้านกลาง,"188,718",
ภาคตะวันออกเฉียงเหนือ,ประชากรที่มิใช่สัญชาติไทย,"38,646",
ภาคตะวันออกเฉียงเหนือ,ประชากรอยู่ระหว่างการย้าย,"30,173",
นครราชสีมา,รวม,"2,648,927",
นครราชสีมา,0-4,"123,437",
นครราชสีมา,5-9,"149,839",
นครราชสีมา,10-14,"157,725",
นครราชสีมา,15-19,"162,334",
นครราชสีมา,20-24,"182,200",
นครราชสีมา,25-29,"187,657",
นครราชสีมา,30-34,"181,121",
นครราชสีมา,35-39,"201,144",
นครราชสีมา,40-44,"218,042",
นครราชสีมา,45-49,"216,572",
นครราชสีมา,50-54,"206,237",
นครราชสีมา,55-59,"180,419",
นครราชสีมา,60-64,"137,542",
นครราชสีมา,65-69,"111,652",
นครราชสีมา,70-74,"81,500",
นครราชสีมา,75-79,"52,744",
นครราชสีมา,80-84,"38,874",
นครราชสีมา,85-89,"20,116",
นครราชสีมา,90-94,"8,313",
นครราชสีมา,95-99,"2,058",
นครราชสีมา,100 และมากกว่า,589,
นครราชสีมา,ไม่ทราบ/ระบุปีจันทรคติ,4,
นครราชสีมา,ประชากรในทะเบียนบ้านกลาง,"20,826",
นครราชสีมา,ประชากรที่มิใช่สัญชาติไทย,"3,364",
นครราชสีมา,ประชากรอยู่ระหว่างการย้าย,"4,618",
บุรีรัมย์,รวม,"1,595,747",
บุรีรัมย์,0-4,"80,018",
บุรีรัมย์,5-9,"97,778",
บุรีรัมย์,10-14,"102,028",
บุรีรัมย์,15-19,"106,199",
บุรีรัมย์,20-24,"116,122",
บุรีรัมย์,25-29,"119,046",
บุรีรัมย์,30-34,"105,389",
บุรีรัมย์,35-39,"120,249",
บุรีรัมย์,40-44,"128,451",
บุรีรัมย์,45-49,"132,493",
บุรีรัมย์,50-54,"118,166",
บุรีรัมย์,55-59,"98,511",
บุรีรัมย์,60-64,"74,657",
บุรีรัมย์,65-69,"61,935",
บุรีรัมย์,70-74,"46,676",
บุรีรัมย์,75-79,"30,364",
บุรีรัมย์,80-84,"20,970",
บุรีรัมย์,85-89,"10,900",
บุรีรัมย์,90-94,"4,245",
บุรีรัมย์,95-99,"1,081",
บุรีรัมย์,100 และมากกว่า,378,
บุรีรัมย์,ไม่ทราบ/ระบุปีจันทรคติ,0,
บุรีรัมย์,ประชากรในทะเบียนบ้านกลาง,"15,781",
บุรีรัมย์,ประชากรที่มิใช่สัญชาติไทย,"1,854",
บุรีรัมย์,ประชากรอยู่ระหว่างการย้าย,"2,456",
สุรินทร์,รวม,"1,396,831",
สุรินทร์,0-4,"69,468",
สุรินทร์,5-9,"84,109",
สุรินทร์,10-14,"87,309",
สุรินทร์,15-19,"90,678",
สุรินทร์,20-24,"103,063",
สุรินทร์,25-29,"106,699",
สุรินทร์,30-34,"94,794",
สุรินทร์,35-39,"107,258",
สุรินทร์,40-44,"108,396",
สุรินทร์,45-49,"110,163",
สุรินทร์,50-54,"100,056",
สุรินทร์,55-59,"87,912",
สุรินทร์,60-64,"66,566",
สุรินทร์,65-69,"54,383",
สุรินทร์,70-74,"41,983",
สุรินทร์,75-79,"27,650",
สุรินทร์,80-84,"18,967",
สุรินทร์,85-89,"10,084",
สุรินทร์,90-94,"3,595",
สุรินทร์,95-99,874,
สุรินทร์,100 และมากกว่า,262,
สุรินทร์,ไม่ทราบ/ระบุปีจันทรคติ,0,
สุรินทร์,ประชากรในทะเบียนบ้านกลาง,"19,447",
สุรินทร์,ประชากรที่มิใช่สัญชาติไทย,"1,332",
สุรินทร์,ประชากรอยู่ระหว่างการย้าย,"1,783",
ศรีสะเกษ,รวม,"1,472,859",
ศรีสะเกษ,0-4,"70,885",
ศรีสะเกษ,5-9,"86,331",
ศรีสะเกษ,10-14,"90,454",
ศรีสะเกษ,15-19,"94,050",
ศรีสะเกษ,20-24,"107,466",
ศรีสะเกษ,25-29,"109,434",
ศรีสะเกษ,30-34,"101,910",
ศรีสะเกษ,35-39,"113,211",
ศรีสะเกษ,40-44,"118,104",
ศรีสะเกษ,45-49,"123,975",
ศรีสะเกษ,50-54,"112,395",
ศรีสะเกษ,55-59,"93,962",
ศรีสะเกษ,60-64,"72,164",
ศรีสะเกษ,65-69,"56,558",
ศรีสะเกษ,70-74,"42,881",
ศรีสะเกษ,75-79,"28,933",
ศรีสะเกษ,80-84,"18,388",
ศรีสะเกษ,85-89,"9,319",
ศรีสะเกษ,90-94,"3,290",
ศรีสะเกษ,95-99,800,
ศรีสะเกษ,100 และมากกว่า,274,
ศรีสะเกษ,ไม่ทราบ/ระบุปีจันทรคติ,5,
ศรีสะเกษ,ประชากรในทะเบียนบ้านกลาง,"15,385",
ศรีสะเกษ,ประชากรที่มิใช่สัญชาติไทย,"1,139",
ศรีสะเกษ,ประชากรอยู่ระหว่างการย้าย,"1,546",
อุบลราชธานี,รวม,"1,878,146",
อุบลราชธานี,0-4,"95,598",
อุบลราชธานี,5-9,"114,343",
อุบลราชธานี,10-14,"119,038",
อุบลราชธานี,15-19,"124,411",
อุบลราชธานี,20-24,"141,037",
อุบลราชธานี,25-29,"143,932",
อุบลราชธานี,30-34,"133,980",
อุบลราชธานี,35-39,"141,957",
อุบลราชธานี,40-44,"148,040",
อุบลราชธานี,45-49,"155,330",
อุบลราชธานี,50-54,"141,674",
อุบลราชธานี,55-59,"114,090",
อุบลราชธานี,60-64,"87,903",
อุบลราชธานี,65-69,"69,210",
อุบลราชธานี,70-74,"49,377",
อุบลราชธานี,75-79,"32,210",
อุบลราชธานี,80-84,"21,004",
อุบลราชธานี,85-89,"11,488",
อุบลราชธานี,90-94,"4,129",
อุบลราชธานี,95-99,"1,037",
อุบลราชธานี,100 และมากกว่า,270,
อุบลราชธานี,ไม่ทราบ/ระบุปีจันทรคติ,0,
อุบลราชธานี,ประชากรในทะเบียนบ้านกลาง,"17,430",
อุบลราชธานี,ประชากรที่มิใช่สัญชาติไทย,"7,270",
อุบลราชธานี,ประชากรอยู่ระหว่างการย้าย,"3,388",
ยโสธร,รวม,"537,299",
ยโสธร,0-4,"23,609",
ยโสธร,5-9,"29,274",
ยโสธร,10-14,"29,915",
ยโสธร,15-19,"31,873",
ยโสธร,20-24,"37,811",
ยโสธร,25-29,"39,216",
ยโสธร,30-34,"36,582",
ยโสธร,35-39,"40,107",
ยโสธร,40-44,"43,432",
ยโสธร,45-49,"48,741",
ยโสธร,50-54,"45,648",
ยโสธร,55-59,"36,666",
ยโสธร,60-64,"29,920",
ยโสธร,65-69,"22,215",
ยโสธร,70-74,"17,100",
ยโสธร,75-79,"10,960",
ยโสธร,80-84,"6,459",
ยโสธร,85-89,"3,177",
ยโสธร,90-94,988,
ยโสธร,95-99,221,
ยโสธร,100 และมากกว่า,38,
ยโสธร,ไม่ทราบ/ระบุปีจันทรคติ,0,
ยโสธร,ประชากรในทะเบียนบ้านกลาง,"2,349",
ยโสธร,ประชากรที่มิใช่สัญชาติไทย,323,
ยโสธร,ประชากรอยู่ระหว่างการย้าย,675,
ชัยภูมิ,รวม,"1,137,357",
ชัยภูมิ,0-4,"52,628",
ชัยภูมิ,5-9,"63,678",
ชัยภูมิ,10-14,"66,550",
ชัยภูมิ,15-19,"67,390",
ชัยภูมิ,20-24,"74,332",
ชัยภูมิ,25-29,"81,341",
ชัยภูมิ,30-34,"75,918",
ชัยภูมิ,35-39,"81,945",
ชัยภูมิ,40-44,"86,504",
ชัยภูมิ,45-49,"96,041",
ชัยภูมิ,50-54,"94,020",
ชัยภูมิ,55-59,"80,092",
ชัยภูมิ,60-64,"64,324",
ชัยภูมิ,65-69,"50,486",
ชัยภูมิ,70-74,"37,482",
ชัยภูมิ,75-79,"23,491",
ชัยภูมิ,80-84,"15,741",
ชัยภูมิ,85-89,"7,931",
ชัยภูมิ,90-94,"2,840",
ชัยภูมิ,95-99,725,
ชัยภูมิ,100 และมากกว่า,217,
ชัยภูมิ,ไม่ทราบ/ระบุปีจันทรคติ,0,
ชัยภูมิ,ประชากรในทะเบียนบ้านกลาง,"11,496",
ชัยภูมิ,ประชากรที่มิใช่สัญชาติไทย,"1,061",
ชัยภูมิ,ประชากรอยู่ระหว่างการย้าย,"1,124",
อำนาจเจริญ,รวม,"378,438",
อำนาจเจริญ,0-4,"18,077",
อำนาจเจริญ,5-9,"21,538",
อำนาจเจริญ,10-14,"22,521",
อำนาจเจริญ,15-19,"23,425",
อำนาจเจริญ,20-24,"26,756",
อำนาจเจริญ,25-29,"29,430",
อำนาจเจริญ,30-34,"26,533",
อำนาจเจริญ,35-39,"28,325",
อำนาจเจริญ,40-44,"29,450",
อำนาจเจริญ,45-49,"32,700",
อำนาจเจริญ,50-54,"30,986",
อำนาจเจริญ,55-59,"25,080",
อำนาจเจริญ,60-64,"19,696",
อำนาจเจริญ,65-69,"15,157",
อำนาจเจริญ,70-74,"10,596",
อำนาจเจริญ,75-79,"6,821",
อำนาจเจริญ,80-84,"4,354",
อำนาจเจริญ,85-89,"2,226",
อำนาจเจริญ,90-94,792,
อำนาจเจริญ,95-99,176,
อำนาจเจริญ,100 และมากกว่า,44,
อำนาจเจริญ,ไม่ทราบ/ระบุปีจันทรคติ,0,
อำนาจเจริญ,ประชากรในทะเบียนบ้านกลาง,"2,696",
อำนาจเจริญ,ประชากรที่มิใช่สัญชาติไทย,760,
อำนาจเจริญ,ประชากรอยู่ระหว่างการย้าย,299,
บึงกาฬ,รวม,424091,
บึงกาฬ,0-4,21783,
บึงกาฬ,5-9,28695,
บึงกาฬ,10-14,29464,
บึงกาฬ,15-19,28499,
บึงกาฬ,20-24,29425,
บึงกาฬ,25-29,30113,
บึงกาฬ,30-34,27624,
บึงกาฬ,35-39,34703,
บึงกาฬ,40-44,37800,
บึงกาฬ,45-49,37100,
บึงกาฬ,50-54,32042,
บึงกาฬ,55-59,25443,
บึงกาฬ,60-64,19673,
บึงกาฬ,65-69,14582,
บึงกาฬ,70-74,10180,
บึงกาฬ,75-79,6408,
บึงกาฬ,80-84,3977,
บึงกาฬ,85-89,1977,
บึงกาฬ,90-94,805,
บึงกาฬ,95-99,211,
บึงกาฬ,100 และมากกว่า,79,
บึงกาฬ,ไม่ทราบ/ระบุปีจันทรคติ,0,
บึงกาฬ,ประชากรในทะเบียนบ้านกลาง,2587,
บึงกาฬ,ประชากรที่มิใช่สัญชาติไทย,637,
บึงกาฬ,ประชากรอยู่ระหว่างการย้าย,284,
หนองบัวลำภู,รวม,"512,780",
หนองบัวลำภู,0-4,"25,095",
หนองบัวลำภู,5-9,"30,276",
หนองบัวลำภู,10-14,"31,595",
หนองบัวลำภู,15-19,"32,413",
หนองบัวลำภู,20-24,"36,116",
หนองบัวลำภู,25-29,"38,346",
หนองบัวลำภู,30-34,"35,836",
หนองบัวลำภู,35-39,"39,795",
หนองบัวลำภู,40-44,"43,005",
หนองบัวลำภู,45-49,"44,202",
หนองบัวลำภู,50-54,"41,092",
หนองบัวลำภู,55-59,"33,162",
หนองบัวลำภู,60-64,"26,617",
หนองบัวลำภู,65-69,"20,198",
หนองบัวลำภู,70-74,"13,777",
หนองบัวลำภู,75-79,"8,027",
หนองบัวลำภู,80-84,"4,668",
หนองบัวลำภู,85-89,"2,296",
หนองบัวลำภู,90-94,817,
หนองบัวลำภู,95-99,223,
หนองบัวลำภู,100 และมากกว่า,100,
หนองบัวลำภู,ไม่ทราบ/ระบุปีจันทรคติ,0,
หนองบัวลำภู,ประชากรในทะเบียนบ้านกลาง,"4,011",
หนองบัวลำภู,ประชากรที่มิใช่สัญชาติไทย,531,
หนองบัวลำภู,ประชากรอยู่ระหว่างการย้าย,582,
ขอนแก่น,รวม,"1,802,872",
ขอนแก่น,0-4,"81,728",
ขอนแก่น,5-9,"98,452",
ขอนแก่น,10-14,"101,542",
ขอนแก่น,15-19,"105,057",
ขอนแก่น,20-24,"132,484",
ขอนแก่น,25-29,"132,689",
ขอนแก่น,30-34,"123,597",
ขอนแก่น,35-39,"134,463",
ขอนแก่น,40-44,"140,892",
ขอนแก่น,45-49,"150,152",
ขอนแก่น,50-54,"150,378",
ขอนแก่น,55-59,"125,096",
ขอนแก่น,60-64,"100,101",
ขอนแก่น,65-69,"78,545",
ขอนแก่น,70-74,"58,947",
ขอนแก่น,75-79,"36,331",
ขอนแก่น,80-84,"22,623",
ขอนแก่น,85-89,"10,846",
ขอนแก่น,90-94,"3,961",
ขอนแก่น,95-99,"1,146",
ขอนแก่น,100 และมากกว่า,433,
ขอนแก่น,ไม่ทราบ/ระบุปีจันทรคติ,7,
ขอนแก่น,ประชากรในทะเบียนบ้านกลาง,"7,600",
ขอนแก่น,ประชากรที่มิใช่สัญชาติไทย,"2,808",
ขอนแก่น,ประชากรอยู่ระหว่างการย้าย,"2,994",
อุดรธานี,รวม,"1,586,646",
อุดรธานี,0-4,"74,712",
อุดรธานี,5-9,"92,072",
อุดรธานี,10-14,"95,262",
อุดรธานี,15-19,"100,361",
อุดรธานี,20-24,"112,337",
อุดรธานี,25-29,"118,135",
อุดรธานี,30-34,"111,006",
อุดรธานี,35-39,"120,559",
อุดรธานี,40-44,"132,805",
อุดรธานี,45-49,"136,248",
อุดรธานี,50-54,"126,790",
อุดรธานี,55-59,"102,371",
อุดรธานี,60-64,"81,129",
อุดรธานี,65-69,"59,998",
อุดรธานี,70-74,"42,330",
อุดรธานี,75-79,"25,578",
อุดรธานี,80-84,"14,826",
อุดรธานี,85-89,"6,987",
อุดรธานี,90-94,"2,547",
อุดรธานี,95-99,692,
อุดรธานี,100 และมากกว่า,206,
อุดรธานี,ไม่ทราบ/ระบุปีจันทรคติ,0,
อุดรธานี,ประชากรในทะเบียนบ้านกลาง,"23,599",
อุดรธานี,ประชากรที่มิใช่สัญชาติไทย,"4,233",
อุดรธานี,ประชากรอยู่ระหว่างการย้าย,"1,863",
เลย,รวม,"642,950",
เลย,0-4,"31,953",
เลย,5-9,"37,519",
เลย,10-14,"38,118",
เลย,15-19,"37,494",
เลย,20-24,"41,436",
เลย,25-29,"44,917",
เลย,30-34,"43,880",
เลย,35-39,"47,308",
เลย,40-44,"49,438",
เลย,45-49,"51,651",
เลย,50-54,"52,683",
เลย,55-59,"45,380",
เลย,60-64,"37,600",
เลย,65-69,"27,328",
เลย,70-74,"19,369",
เลย,75-79,"12,772",
เลย,80-84,"8,080",
เลย,85-89,"4,302",
เลย,90-94,"1,777",
เลย,95-99,446,
เลย,100 และมากกว่า,125,
เลย,ไม่ทราบ/ระบุปีจันทรคติ,0,
เลย,ประชากรในทะเบียนบ้านกลาง,"4,521",
เลย,ประชากรที่มิใช่สัญชาติไทย,"3,926",
เลย,ประชากรอยู่ระหว่างการย้าย,927,
หนองคาย,รวม,"522,311",
หนองคาย,0-4,"24,205",
หนองคาย,5-9,"29,911",
หนองคาย,10-14,"30,956",
หนองคาย,15-19,"32,956",
หนองคาย,20-24,"37,474",
หนองคาย,25-29,"37,413",
หนองคาย,30-34,"33,530",
หนองคาย,35-39,"38,573",
หนองคาย,40-44,"43,164",
หนองคาย,45-49,"45,261",
หนองคาย,50-54,"41,999",
หนองคาย,55-59,"34,918",
หนองคาย,60-64,"27,440",
หนองคาย,65-69,"19,650",
หนองคาย,70-74,"13,880",
หนองคาย,75-79,"8,924",
หนองคาย,80-84,"5,855",
หนองคาย,85-89,"3,075",
หนองคาย,90-94,"1,165",
หนองคาย,95-99,457,
หนองคาย,100 และมากกว่า,188,
หนองคาย,ไม่ทราบ/ระบุปีจันทรคติ,1,
หนองคาย,ประชากรในทะเบียนบ้านกลาง,"7,205",
หนองคาย,ประชากรที่มิใช่สัญชาติไทย,"3,036",
หนองคาย,ประชากรอยู่ระหว่างการย้าย,"1,075",
มหาสารคาม,รวม,"962,665",
มหาสารคาม,0-4,"41,781",
มหาสารคาม,5-9,"49,921",
มหาสารคาม,10-14,"52,176",
มหาสารคาม,15-19,"60,990",
มหาสารคาม,20-24,"75,868",
มหาสารคาม,25-29,"70,070",
มหาสารคาม,30-34,"62,463",
มหาสารคาม,35-39,"68,221",
มหาสารคาม,40-44,"76,680",
มหาสารคาม,45-49,"85,813",
มหาสารคาม,50-54,"80,812",
มหาสารคาม,55-59,"65,533",
มหาสารคาม,60-64,"52,246",
มหาสารคาม,65-69,"42,348",
มหาสารคาม,70-74,"32,504",
มหาสารคาม,75-79,"19,441",
มหาสารคาม,80-84,"10,680",
มหาสารคาม,85-89,"5,053",
มหาสารคาม,90-94,"1,552",
มหาสารคาม,95-99,346,
มหาสารคาม,100 และมากกว่า,79,
มหาสารคาม,ไม่ทราบ/ระบุปีจันทรคติ,0,
มหาสารคาม,ประชากรในทะเบียนบ้านกลาง,"5,903",
มหาสารคาม,ประชากรที่มิใช่สัญชาติไทย,650,
มหาสารคาม,ประชากรอยู่ระหว่างการย้าย,"1,535",
ร้อยเอ็ด,รวม,"1,305,211",
ร้อยเอ็ด,0-4,"57,765",
ร้อยเอ็ด,5-9,"69,102",
ร้อยเอ็ด,10-14,"71,863",
ร้อยเอ็ด,15-19,"75,269",
ร้อยเอ็ด,20-24,"91,506",
ร้อยเอ็ด,25-29,"97,562",
ร้อยเอ็ด,30-34,"89,444",
ร้อยเอ็ด,35-39,"97,484",
ร้อยเอ็ด,40-44,"105,555",
ร้อยเอ็ด,45-49,"118,893",
ร้อยเอ็ด,50-54,"109,220",
ร้อยเอ็ด,55-59,"88,294",
ร้อยเอ็ด,60-64,"71,371",
ร้อยเอ็ด,65-69,"56,192",
ร้อยเอ็ด,70-74,"44,270",
ร้อยเอ็ด,75-79,"26,789",
ร้อยเอ็ด,80-84,"15,176",
ร้อยเอ็ด,85-89,"7,436",
ร้อยเอ็ด,90-94,"2,264",
ร้อยเอ็ด,95-99,527,
ร้อยเอ็ด,100 และมากกว่า,106,
ร้อยเอ็ด,ไม่ทราบ/ระบุปีจันทรคติ,0,
ร้อยเอ็ด,ประชากรในทะเบียนบ้านกลาง,"6,218",
ร้อยเอ็ด,ประชากรที่มิใช่สัญชาติไทย,"1,068",
ร้อยเอ็ด,ประชากรอยู่ระหว่างการย้าย,"1,837",
กาฬสินธุ์,รวม,"983,418",
กาฬสินธุ์,0-4,"44,775",
กาฬสินธุ์,5-9,"54,806",
กาฬสินธุ์,10-14,"57,094",
กาฬสินธุ์,15-19,"57,375",
กาฬสินธุ์,20-24,"64,113",
กาฬสินธุ์,25-29,"72,925",
กาฬสินธุ์,30-34,"70,952",
กาฬสินธุ์,35-39,"75,121",
กาฬสินธุ์,40-44,"79,426",
กาฬสินธุ์,45-49,"89,443",
กาฬสินธุ์,50-54,"85,183",
กาฬสินธุ์,55-59,"67,076",
กาฬสินธุ์,60-64,"51,831",
กาฬสินธุ์,65-69,"40,041",
กาฬสินธุ์,70-74,"30,010",
กาฬสินธุ์,75-79,"18,206",
กาฬสินธุ์,80-84,"10,303",
กาฬสินธุ์,85-89,"5,035",
กาฬสินธุ์,90-94,"1,673",
กาฬสินธุ์,95-99,370,
กาฬสินธุ์,100 และมากกว่า,95,
กาฬสินธุ์,ไม่ทราบ/ระบุปีจันทรคติ,0,
กาฬสินธุ์,ประชากรในทะเบียนบ้านกลาง,"6,073",
กาฬสินธุ์,ประชากรที่มิใช่สัญชาติไทย,808,
กาฬสินธุ์,ประชากรอยู่ระหว่างการย้าย,684,
สกลนคร,รวม,"1,153,390",
สกลนคร,0-4,"57,442",
สกลนคร,5-9,"70,055",
สกลนคร,10-14,"74,137",
สกลนคร,15-19,"75,867",
สกลนคร,20-24,"82,541",
สกลนคร,25-29,"83,784",
สกลนคร,30-34,"77,699",
สกลนคร,35-39,"94,598",
สกลนคร,40-44,"97,261",
สกลนคร,45-49,"101,379",
สกลนคร,50-54,"91,424",
สกลนคร,55-59,"73,278",
สกลนคร,60-64,"57,871",
สกลนคร,65-69,"41,823",
สกลนคร,70-74,"28,906",
สกลนคร,75-79,"18,016",
สกลนคร,80-84,"10,187",
สกลนคร,85-89,"4,975",
สกลนคร,90-94,"1,702",
สกลนคร,95-99,428,
สกลนคร,100 และมากกว่า,167,
สกลนคร,ไม่ทราบ/ระบุปีจันทรคติ,0,
สกลนคร,ประชากรในทะเบียนบ้านกลาง,"7,547",
สกลนคร,ประชากรที่มิใช่สัญชาติไทย,948,
สกลนคร,ประชากรอยู่ระหว่างการย้าย,"1,355",
นครพนม,รวม,"719,136",
นครพนม,0-4,"35,263",
นครพนม,5-9,"43,526",
นครพนม,10-14,"46,991",
นครพนม,15-19,"48,579",
นครพนม,20-24,"52,406",
นครพนม,25-29,"51,741",
นครพนม,30-34,"48,469",
นครพนม,35-39,"58,036",
นครพนม,40-44,"62,082",
นครพนม,45-49,"62,360",
นครพนม,50-54,"54,668",
นครพนม,55-59,"44,562",
นครพนม,60-64,"34,653",
นครพนม,65-69,"26,562",
นครพนม,70-74,"18,972",
นครพนม,75-79,"11,991",
นครพนม,80-84,"7,222",
นครพนม,85-89,"3,733",
นครพนม,90-94,"1,345",
นครพนม,95-99,324,
นครพนม,100 และมากกว่า,101,
นครพนม,ไม่ทราบ/ระบุปีจันทรคติ,1,
นครพนม,ประชากรในทะเบียนบ้านกลาง,"3,158",
นครพนม,ประชากรที่มิใช่สัญชาติไทย,"1,589",
นครพนม,ประชากรอยู่ระหว่างการย้าย,802,
มุกดาหาร,รวม,"353,174",
มุกดาหาร,0-4,"17,605",
มุกดาหาร,5-9,"21,068",
มุกดาหาร,10-14,"22,106",
มุกดาหาร,15-19,"21,899",
มุกดาหาร,20-24,"24,987",
มุกดาหาร,25-29,"25,281",
มุกดาหาร,30-34,"25,481",
มุกดาหาร,35-39,"28,506",
มุกดาหาร,40-44,"29,256",
มุกดาหาร,45-49,"30,140",
มุกดาหาร,50-54,"27,641",
มุกดาหาร,55-59,"22,114",
มุกดาหาร,60-64,"17,045",
มุกดาหาร,65-69,"12,605",
มุกดาหาร,70-74,"8,833",
มุกดาหาร,75-79,"5,607",
มุกดาหาร,80-84,"3,629",
มุกดาหาร,85-89,"1,929",
มุกดาหาร,90-94,685,
มุกดาหาร,95-99,172,
มุกดาหาร,100 และมากกว่า,44,
มุกดาหาร,ไม่ทราบ/ระบุปีจันทรคติ,0,
มุกดาหาร,ประชากรในทะเบียนบ้านกลาง,"4,886",
มุกดาหาร,ประชากรที่มิใช่สัญชาติไทย,"1,309",
มุกดาหาร,ประชากรอยู่ระหว่างการย้าย,346,
ภาคใต้,รวม,"9,493,757",
ภาคใต้,0-4,"578,139",
ภาคใต้,5-9,"673,043",
ภาคใต้,10-14,"671,756",
ภาคใต้,15-19,"651,459",
ภาคใต้,20-24,"707,511",
ภาคใต้,25-29,"710,959",
ภาคใต้,30-34,"692,521",
ภาคใต้,35-39,"708,241",
ภาคใต้,40-44,"692,373",
ภาคใต้,45-49,"677,386",
ภาคใต้,50-54,"633,701",
ภาคใต้,55-59,"557,028",
ภาคใต้,60-64,"404,411",
ภาคใต้,65-69,"327,749",
ภาคใต้,70-74,"232,000",
ภาคใต้,75-79,"166,042",
ภาคใต้,80-84,"128,590",
ภาคใต้,85-89,"75,571",
ภาคใต้,90-94,"33,417",
ภาคใต้,95-99,"10,393",
ภาคใต้,100 และมากกว่า,"3,982",
ภาคใต้,ไม่ทราบ/ระบุปีจันทรคติ,6,
ภาคใต้,ประชากรในทะเบียนบ้านกลาง,"102,362",
ภาคใต้,ประชากรที่มิใช่สัญชาติไทย,"32,397",
ภาคใต้,ประชากรอยู่ระหว่างการย้าย,"22,720",
นครศรีธรรมราช,รวม,"1,561,927",
นครศรีธรรมราช,0-4,"81,133",
นครศรีธรรมราช,5-9,"97,429",
นครศรีธรรมราช,10-14,"98,173",
นครศรีธรรมราช,15-19,"98,306",
นครศรีธรรมราช,20-24,"113,097",
นครศรีธรรมราช,25-29,"112,908",
นครศรีธรรมราช,30-34,"112,675",
นครศรีธรรมราช,35-39,"119,079",
นครศรีธรรมราช,40-44,"118,952",
นครศรีธรรมราช,45-49,"116,634",
นครศรีธรรมราช,50-54,"109,332",
นครศรีธรรมราช,55-59,"98,474",
นครศรีธรรมราช,60-64,"73,463",
นครศรีธรรมราช,65-69,"59,447",
นครศรีธรรมราช,70-74,"45,803",
นครศรีธรรมราช,75-79,"34,910",
นครศรีธรรมราช,80-84,"26,361",
นครศรีธรรมราช,85-89,"16,108",
นครศรีธรรมราช,90-94,"7,013",
นครศรีธรรมราช,95-99,"1,954",
นครศรีธรรมราช,100 และมากกว่า,676,
นครศรีธรรมราช,ไม่ทราบ/ระบุปีจันทรคติ,3,
นครศรีธรรมราช,ประชากรในทะเบียนบ้านกลาง,"14,042",
นครศรีธรรมราช,ประชากรที่มิใช่สัญชาติไทย,"1,912",
นครศรีธรรมราช,ประชากรอยู่ระหว่างการย้าย,"4,043",
กระบี่,รวม,"476,739",
กระบี่,0-4,"31,186",
กระบี่,5-9,"36,989",
กระบี่,10-14,"37,617",
กระบี่,15-19,"33,672",
กระบี่,20-24,"34,273",
กระบี่,25-29,"36,663",
กระบี่,30-34,"37,806",
กระบี่,35-39,"38,264",
กระบี่,40-44,"37,017",
กระบี่,45-49,"34,865",
กระบี่,50-54,"30,992",
กระบี่,55-59,"26,134",
กระบี่,60-64,"18,453",
กระบี่,65-69,"13,761",
กระบี่,70-74,"8,870",
กระบี่,75-79,"6,229",
กระบี่,80-84,"4,944",
กระบี่,85-89,"2,816",
กระบี่,90-94,"1,174",
กระบี่,95-99,310,
กระบี่,100 และมากกว่า,70,
กระบี่,ไม่ทราบ/ระบุปีจันทรคติ,1,
กระบี่,ประชากรในทะเบียนบ้านกลาง,"2,408",
กระบี่,ประชากรที่มิใช่สัญชาติไทย,"1,076",
กระบี่,ประชากรอยู่ระหว่างการย้าย,"1,149",
พังงา,รวม,"268,788",
พังงา,0-4,"13,952",
พังงา,5-9,"16,921",
พังงา,10-14,"18,209",
พังงา,15-19,"16,945",
พังงา,20-24,"18,177",
พังงา,25-29,"19,044",
พังงา,30-34,"18,440",
พังงา,35-39,"19,963",
พังงา,40-44,"19,835",
พังงา,45-49,"20,132",
พังงา,50-54,"19,341",
พังงา,55-59,"17,558",
พังงา,60-64,"13,517",
พังงา,65-69,"10,600",
พังงา,70-74,"7,204",
พังงา,75-79,"5,260",
พังงา,80-84,"4,008",
พังงา,85-89,"2,337",
พังงา,90-94,"1,039",
พังงา,95-99,271,
พังงา,100 และมากกว่า,80,
พังงา,ไม่ทราบ/ระบุปีจันทรคติ,0,
พังงา,ประชากรในทะเบียนบ้านกลาง,"2,928",
พังงา,ประชากรที่มิใช่สัญชาติไทย,"2,300",
พังงา,ประชากรอยู่ระหว่างการย้าย,727,
ภูเก็ต,รวม,"416,582",
ภูเก็ต,0-4,"26,337",
ภูเก็ต,5-9,"30,694",
ภูเก็ต,10-14,"29,085",
ภูเก็ต,15-19,"26,784",
ภูเก็ต,20-24,"27,824",
ภูเก็ต,25-29,"30,834",
ภูเก็ต,30-34,"30,428",
ภูเก็ต,35-39,"35,929",
ภูเก็ต,40-44,"35,942",
ภูเก็ต,45-49,"31,494",
ภูเก็ต,50-54,"28,406",
ภูเก็ต,55-59,"22,295",
ภูเก็ต,60-64,"15,537",
ภูเก็ต,65-69,"11,791",
ภูเก็ต,70-74,"7,605",
ภูเก็ต,75-79,"4,718",
ภูเก็ต,80-84,"3,353",
ภูเก็ต,85-89,"1,718",
ภูเก็ต,90-94,825,
ภูเก็ต,95-99,211,
ภูเก็ต,100 และมากกว่า,63,
ภูเก็ต,ไม่ทราบ/ระบุปีจันทรคติ,0,
ภูเก็ต,ประชากรในทะเบียนบ้านกลาง,"9,973",
ภูเก็ต,ประชากรที่มิใช่สัญชาติไทย,"2,436",
ภูเก็ต,ประชากรอยู่ระหว่างการย้าย,"2,300",
สุราษฎร์ธานี,รวม,"1,068,010",
สุราษฎร์ธานี,0-4,"60,223",
สุราษฎร์ธานี,5-9,"71,570",
สุราษฎร์ธานี,10-14,"71,994",
สุราษฎร์ธานี,15-19,"66,630",
สุราษฎร์ธานี,20-24,"73,487",
สุราษฎร์ธานี,25-29,"76,723",
สุราษฎร์ธานี,30-34,"77,237",
สุราษฎร์ธานี,35-39,"83,433",
สุราษฎร์ธานี,40-44,"83,096",
สุราษฎร์ธานี,45-49,"83,792",
สุราษฎร์ธานี,50-54,"78,728",
สุราษฎร์ธานี,55-59,"66,545",
สุราษฎร์ธานี,60-64,"47,026",
สุราษฎร์ธานี,65-69,"36,266",
สุราษฎร์ธานี,70-74,"25,798",
สุราษฎร์ธานี,75-79,"18,560",
สุราษฎร์ธานี,80-84,"14,831",
สุราษฎร์ธานี,85-89,"9,289",
สุราษฎร์ธานี,90-94,"4,120",
สุราษฎร์ธานี,95-99,"1,197",
สุราษฎร์ธานี,100 และมากกว่า,393,
สุราษฎร์ธานี,ไม่ทราบ/ระบุปีจันทรคติ,0,
สุราษฎร์ธานี,ประชากรในทะเบียนบ้านกลาง,"10,677",
สุราษฎร์ธานี,ประชากรที่มิใช่สัญชาติไทย,"4,483",
สุราษฎร์ธานี,ประชากรอยู่ระหว่างการย้าย,"1,912",
ระนอง,รวม,"193,370",
ระนอง,0-4,"9,842",
ระนอง,5-9,"11,776",
ระนอง,10-14,"12,195",
ระนอง,15-19,"11,946",
ระนอง,20-24,"13,760",
ระนอง,25-29,"13,258",
ระนอง,30-34,"12,486",
ระนอง,35-39,"13,176",
ระนอง,40-44,"13,582",
ระนอง,45-49,"13,947",
ระนอง,50-54,"13,100",
ระนอง,55-59,"11,302",
ระนอง,60-64,"8,715",
ระนอง,65-69,"6,679",
ระนอง,70-74,"4,415",
ระนอง,75-79,"2,886",
ระนอง,80-84,"2,102",
ระนอง,85-89,"1,353",
ระนอง,90-94,555,
ระนอง,95-99,181,
ระนอง,100 และมากกว่า,78,
ระนอง,ไม่ทราบ/ระบุปีจันทรคติ,-,
ระนอง,ประชากรในทะเบียนบ้านกลาง,"5,607",
ระนอง,ประชากรที่มิใช่สัญชาติไทย,"10,011",
ระนอง,ประชากรอยู่ระหว่างการย้าย,418,
ชุมพร,รวม,"511,304",
ชุมพร,0-4,"25,256",
ชุมพร,5-9,"30,371",
ชุมพร,10-14,"30,970",
ชุมพร,15-19,"30,885",
ชุมพร,20-24,"36,073",
ชุมพร,25-29,"35,926",
ชุมพร,30-34,"35,362",
ชุมพร,35-39,"37,228",
ชุมพร,40-44,"38,582",
ชุมพร,45-49,"40,003",
ชุมพร,50-54,"39,765",
ชุมพร,55-59,"34,213",
ชุมพร,60-64,"26,759",
ชุมพร,65-69,"19,854",
ชุมพร,70-74,"14,587",
ชุมพร,75-79,"10,277",
ชุมพร,80-84,"8,323",
ชุมพร,85-89,"5,176",
ชุมพร,90-94,"2,242",
ชุมพร,95-99,633,
ชุมพร,100 และมากกว่า,175,
ชุมพร,ไม่ทราบ/ระบุปีจันทรคติ,0,
ชุมพร,ประชากรในทะเบียนบ้านกลาง,"5,444",
ชุมพร,ประชากรที่มิใช่สัญชาติไทย,"2,323",
ชุมพร,ประชากรอยู่ระหว่างการย้าย,877,
สงขลา,รวม,"1,435,968",
สงขลา,0-4,"81,965",
สงขลา,5-9,"96,482",
สงขลา,10-14,"97,730",
สงขลา,15-19,"98,100",
สงขลา,20-24,"105,904",
สงขลา,25-29,"104,318",
สงขลา,30-34,"102,883",
สงขลา,35-39,"107,425",
สงขลา,40-44,"106,298",
สงขลา,45-49,"104,082",
สงขลา,50-54,"95,781",
สงขลา,55-59,"87,052",
สงขลา,60-64,"65,754",
สงขลา,65-69,"52,626",
สงขลา,70-74,"36,993",
สงขลา,75-79,"26,019",
สงขลา,80-84,"19,978",
สงขลา,85-89,"11,274",
สงขลา,90-94,"4,911",
สงขลา,95-99,"1,449",
สงขลา,100 และมากกว่า,468,
สงขลา,ไม่ทราบ/ระบุปีจันทรคติ,1,
สงขลา,ประชากรในทะเบียนบ้านกลาง,"21,372",
สงขลา,ประชากรที่มิใช่สัญชาติไทย,"3,155",
สงขลา,ประชากรอยู่ระหว่างการย้าย,"3,948",
สตูล,รวม,"323,586",
สตูล,0-4,"22,101",
สตูล,5-9,"25,808",
สตูล,10-14,"25,295",
สตูล,15-19,"23,933",
สตูล,20-24,"23,733",
สตูล,25-29,"24,977",
สตูล,30-34,"25,148",
สตูล,35-39,"24,855",
สตูล,40-44,"23,425",
สตูล,45-49,"22,543",
สตูล,50-54,"20,616",
สตูล,55-59,"17,518",
สตูล,60-64,"12,709",
สตูล,65-69,"10,220",
สตูล,70-74,"6,592",
สตูล,75-79,"4,763",
สตูล,80-84,"3,723",
สตูล,85-89,"1,891",
สตูล,90-94,755,
สตูล,95-99,166,
สตูล,100 และมากกว่า,77,
สตูล,ไม่ทราบ/ระบุปีจันทรคติ,-,
สตูล,ประชากรในทะเบียนบ้านกลาง,"1,259",
สตูล,ประชากรที่มิใช่สัญชาติไทย,300,
สตูล,ประชากรอยู่ระหว่างการย้าย,"1,179",
ตรัง,รวม,"643,164",
ตรัง,0-4,"33,391",
ตรัง,5-9,"41,740",
ตรัง,10-14,"43,478",
ตรัง,15-19,"41,896",
ตรัง,20-24,"46,502",
ตรัง,25-29,"48,630",
ตรัง,30-34,"47,227",
ตรัง,35-39,"49,160",
ตรัง,40-44,"49,362",
ตรัง,45-49,"47,886",
ตรัง,50-54,"45,361",
ตรัง,55-59,"41,853",
ตรัง,60-64,"29,773",
ตรัง,65-69,"24,743",
ตรัง,70-74,"16,327",
ตรัง,75-79,"11,490",
ตรัง,80-84,"9,201",
ตรัง,85-89,"5,698",
ตรัง,90-94,"2,455",
ตรัง,95-99,659,
ตรัง,100 และมากกว่า,185,
ตรัง,ไม่ทราบ/ระบุปีจันทรคติ,0,
ตรัง,ประชากรในทะเบียนบ้านกลาง,"4,086",
ตรัง,ประชากรที่มิใช่สัญชาติไทย,865,
ตรัง,ประชากรอยู่ระหว่างการย้าย,"1,196",
พัทลุง,รวม,"524,865",
พัทลุง,0-4,"26,086",
พัทลุง,5-9,"31,719",
พัทลุง,10-14,"32,637",
พัทลุง,15-19,"31,088",
พัทลุง,20-24,"36,132",
พัทลุง,25-29,"37,837",
พัทลุง,30-34,"36,247",
พัทลุง,35-39,"38,924",
พัทลุง,40-44,"40,477",
พัทลุง,45-49,"41,177",
พัทลุง,50-54,"38,791",
พัทลุง,55-59,"34,004",
พัทลุง,60-64,"25,682",
พัทลุง,65-69,"22,002",
พัทลุง,70-74,"17,419",
พัทลุง,75-79,"12,770",
พัทลุง,80-84,"9,248",
พัทลุง,85-89,"5,540",
พัทลุง,90-94,"2,389",
พัทลุง,95-99,695,
พัทลุง,100 และมากกว่า,188,
พัทลุง,ไม่ทราบ/ระบุปีจันทรคติ,0,
พัทลุง,ประชากรในทะเบียนบ้านกลาง,"2,831",
พัทลุง,ประชากรที่มิใช่สัญชาติไทย,246,
พัทลุง,ประชากรอยู่ระหว่างการย้าย,736,
ปัตตานี,รวม,"725,104",
ปัตตานี,0-4,"60,193",
ปัตตานี,5-9,"64,410",
ปัตตานี,10-14,"61,588",
ปัตตานี,15-19,"61,331",
ปัตตานี,20-24,"65,690",
ปัตตานี,25-29,"59,674",
ปัตตานี,30-34,"53,645",
ปัตตานี,35-39,"47,245",
ปัตตานี,40-44,"42,805",
ปัตตานี,45-49,"40,926",
ปัตตานี,50-54,"38,172",
ปัตตานี,55-59,"33,520",
ปัตตานี,60-64,"23,001",
ปัตตานี,65-69,"20,939",
ปัตตานี,70-74,"14,405",
ปัตตานี,75-79,"10,519",
ปัตตานี,80-84,"8,537",
ปัตตานี,85-89,"4,886",
ปัตตานี,90-94,"2,320",
ปัตตานี,95-99,981,
ปัตตานี,100 และมากกว่า,462,
ปัตตานี,ไม่ทราบ/ระบุปีจันทรคติ,0,
ปัตตานี,ประชากรในทะเบียนบ้านกลาง,"7,342",
ปัตตานี,ประชากรที่มิใช่สัญชาติไทย,"1,129",
ปัตตานี,ประชากรอยู่ระหว่างการย้าย,"1,384",
ยะลา,รวม,"536,330",
ยะลา,0-4,"43,585",
ยะลา,5-9,"47,649",
ยะลา,10-14,"45,317",
ยะลา,15-19,"44,005",
ยะลา,20-24,"45,584",
ยะลา,25-29,"44,516",
ยะลา,30-34,"40,310",
ยะลา,35-39,"35,367",
ยะลา,40-44,"32,338",
ยะลา,45-49,"31,026",
ยะลา,50-54,"30,092",
ยะลา,55-59,"26,746",
ยะลา,60-64,"18,009",
ยะลา,65-69,"15,573",
ยะลา,70-74,"10,621",
ยะลา,75-79,"7,333",
ยะลา,80-84,"6,083",
ยะลา,85-89,"3,142",
ยะลา,90-94,"1,487",
ยะลา,95-99,734,
ยะลา,100 และมากกว่า,506,
ยะลา,ไม่ทราบ/ระบุปีจันทรคติ,0,
ยะลา,ประชากรในทะเบียนบ้านกลาง,"3,990",
ยะลา,ประชากรที่มิใช่สัญชาติไทย,"1,181",
ยะลา,ประชากรอยู่ระหว่างการย้าย,"1,136",
นราธิวาส,รวม,"808,020",
นราธิวาส,0-4,"62,889",
นราธิวาส,5-9,"69,485",
นราธิวาส,10-14,"67,468",
นราธิวาส,15-19,"65,938",
นราธิวาส,20-24,"67,275",
นราธิวาส,25-29,"65,651",
นราธิวาส,30-34,"62,627",
นราธิวาส,35-39,"58,193",
นราธิวาส,40-44,"50,662",
นราธิวาส,45-49,"48,879",
นราธิวาส,50-54,"45,224",
นราธิวาส,55-59,"39,814",
นราธิวาส,60-64,"26,013",
นราธิวาส,65-69,"23,248",
นราธิวาส,70-74,"15,361",
นราธิวาส,75-79,"10,308",
นราธิวาส,80-84,"7,898",
นราธิวาส,85-89,"4,343",
นราธิวาส,90-94,"2,132",
นราธิวาส,95-99,952,
นราธิวาส,100 และมากกว่า,561,
นราธิวาส,ไม่ทราบ/ระบุปีจันทรคติ,1,
นราธิวาส,ประชากรในทะเบียนบ้านกลาง,"10,403",
นราธิวาส,ประชากรที่มิใช่สัญชาติไทย,980,
นราธิวาส,ประชากรอยู่ระหว่างการย้าย,"1,715",
,,,
,,,